[18:56:44.322] setup starting
[18:56:44.323] Tray created: id=TrayIconId("main_tray")
[18:56:44.324] start_hook (main thread): successfully installed hook_id=HHOOK(0x721e7b)
[18:56:44.324] setup completed successfully
[18:57:13.343] setup starting
[18:57:13.350] Tray created: id=TrayIconId("main_tray")
[18:57:13.350] start_hook (main thread): successfully installed hook_id=HHOOK(0x6c1fb7)
[18:57:13.350] setup completed successfully
[18:57:23.316] Space key DOWN event intercepted!
[18:57:23.317] Peekit window state: visible=false, is_focused=false, fg_hwnd=HWND(0x1e1410)
[18:57:23.317] is_explorer_check: hwnd=HWND(0x1e1410), class='CabinetWClass'
[18:57:23.317] is_explorer_or_desktop_active = true
[18:57:23.317] focus_control: hwnd=HWND(0x33062), class='DirectUIHWND'
[18:57:23.317] is_user_typing_text = false
[18:57:23.321] get_selected: target_hwnd=HWND(0x1e1410), class='CabinetWClass', title='видео — проводник', shell_windows_count=5
[18:57:23.328] item 0: is_hwnd_match=true, loc='видео', file='d:\Users\Kobalt\Videos\15778662159420785232.jpg'
[18:57:23.328] Exact HWND match! Returning: d:\Users\Kobalt\Videos\15778662159420785232.jpg
[18:57:23.328] Worker thread got file: d:\Users\Kobalt\Videos\15778662159420785232.jpg
[18:57:23.343] window.show: Ok(()), set_focus: Ok(())
[18:57:32.245] Space key DOWN event intercepted!
[18:57:32.965] Space key DOWN event intercepted!
[18:57:32.966] Peekit window state: visible=false, is_focused=false, fg_hwnd=HWND(0x1e1410)
[18:57:32.966] is_explorer_check: hwnd=HWND(0x1e1410), class='CabinetWClass'
[18:57:32.966] is_explorer_or_desktop_active = true
[18:57:32.966] focus_control: hwnd=HWND(0x33062), class='DirectUIHWND'
[18:57:32.966] is_user_typing_text = false
[18:57:32.968] get_selected: target_hwnd=HWND(0x1e1410), class='CabinetWClass', title='видео — проводник', shell_windows_count=5
[18:57:32.970] item 0: is_hwnd_match=true, loc='видео', file='d:\Users\Kobalt\Videos\AI.mp4'
[18:57:32.970] Exact HWND match! Returning: d:\Users\Kobalt\Videos\AI.mp4
[18:57:32.970] Worker thread got file: d:\Users\Kobalt\Videos\AI.mp4
[18:57:32.988] window.show: Ok(()), set_focus: Ok(())
[18:57:36.062] Space key DOWN event intercepted!
[18:57:36.798] Space key DOWN event intercepted!
[18:57:36.798] Peekit window state: visible=false, is_focused=false, fg_hwnd=HWND(0x1e1410)
[18:57:36.798] is_explorer_check: hwnd=HWND(0x1e1410), class='CabinetWClass'
[18:57:36.798] is_explorer_or_desktop_active = true
[18:57:36.798] focus_control: hwnd=HWND(0x33062), class='DirectUIHWND'
[18:57:36.798] is_user_typing_text = false
[18:57:36.801] get_selected: target_hwnd=HWND(0x1e1410), class='CabinetWClass', title='видео — проводник', shell_windows_count=5
[18:57:36.803] item 0: is_hwnd_match=true, loc='видео', file='d:\Users\Kobalt\Videos\AI.mp4'
[18:57:36.803] Exact HWND match! Returning: d:\Users\Kobalt\Videos\AI.mp4
[18:57:36.803] Worker thread got file: d:\Users\Kobalt\Videos\AI.mp4
[18:57:36.818] window.show: Ok(()), set_focus: Ok(())
[18:57:41.214] Space key DOWN event intercepted!
[18:57:41.767] Space key DOWN event intercepted!
[18:57:41.767] Peekit window state: visible=false, is_focused=false, fg_hwnd=HWND(0x1e1410)
[18:57:41.767] is_explorer_check: hwnd=HWND(0x1e1410), class='CabinetWClass'
[18:57:41.767] is_explorer_or_desktop_active = true
[18:57:41.767] focus_control: hwnd=HWND(0x33062), class='DirectUIHWND'
[18:57:41.767] is_user_typing_text = false
[18:57:41.769] get_selected: target_hwnd=HWND(0x1e1410), class='CabinetWClass', title='видео — проводник', shell_windows_count=5
[18:57:41.771] item 0: is_hwnd_match=true, loc='видео', file='d:\Users\Kobalt\Videos\AvatarAI.gif'
[18:57:41.771] Exact HWND match! Returning: d:\Users\Kobalt\Videos\AvatarAI.gif
[18:57:41.771] Worker thread got file: d:\Users\Kobalt\Videos\AvatarAI.gif
[18:57:41.789] window.show: Ok(()), set_focus: Ok(())
[18:57:47.943] Space key DOWN event intercepted!
[18:57:48.551] Space key DOWN event intercepted!
[18:57:48.551] Peekit window state: visible=false, is_focused=false, fg_hwnd=HWND(0x1e1410)
[18:57:48.551] is_explorer_check: hwnd=HWND(0x1e1410), class='CabinetWClass'
[18:57:48.552] is_explorer_or_desktop_active = true
[18:57:48.552] focus_control: hwnd=HWND(0x33062), class='DirectUIHWND'
[18:57:48.552] is_user_typing_text = false
[18:57:48.554] get_selected: target_hwnd=HWND(0x1e1410), class='CabinetWClass', title='видео — проводник', shell_windows_count=5
[18:57:48.556] item 0: is_hwnd_match=true, loc='видео', file='d:\Users\Kobalt\Videos\AvatarAI.gif'
[18:57:48.556] Exact HWND match! Returning: d:\Users\Kobalt\Videos\AvatarAI.gif
[18:57:48.557] Worker thread got file: d:\Users\Kobalt\Videos\AvatarAI.gif
[18:57:48.573] window.show: Ok(()), set_focus: Ok(())
[18:57:50.727] Space key DOWN event intercepted!
[18:57:50.728] Peekit window state: visible=false, is_focused=false, fg_hwnd=HWND(0x1e1410)
[18:57:50.728] is_explorer_check: hwnd=HWND(0x1e1410), class='CabinetWClass'
[18:57:50.728] is_explorer_or_desktop_active = true
[18:57:50.728] focus_control: hwnd=HWND(0x33062), class='DirectUIHWND'
[18:57:50.728] is_user_typing_text = false
[18:57:50.730] get_selected: target_hwnd=HWND(0x1e1410), class='CabinetWClass', title='видео — проводник', shell_windows_count=5
[18:57:50.732] item 0: is_hwnd_match=true, loc='видео', file='d:\Users\Kobalt\Videos\AvatarAI.gif'
[18:57:50.732] Exact HWND match! Returning: d:\Users\Kobalt\Videos\AvatarAI.gif
[18:57:50.733] Worker thread got file: d:\Users\Kobalt\Videos\AvatarAI.gif
[18:57:50.750] window.show: Ok(()), set_focus: Ok(())
[18:57:52.984] Space key DOWN event intercepted!
[18:57:52.984] Peekit window state: visible=false, is_focused=false, fg_hwnd=HWND(0x1e1410)
[18:57:52.984] is_explorer_check: hwnd=HWND(0x1e1410), class='CabinetWClass'
[18:57:52.984] is_explorer_or_desktop_active = true
[18:57:52.984] focus_control: hwnd=HWND(0x33062), class='DirectUIHWND'
[18:57:52.984] is_user_typing_text = false
[18:57:52.986] get_selected: target_hwnd=HWND(0x1e1410), class='CabinetWClass', title='видео — проводник', shell_windows_count=5
[18:57:52.988] item 0: is_hwnd_match=true, loc='видео', file='d:\Users\Kobalt\Videos\AvatarAI.gif'
[18:57:52.988] Exact HWND match! Returning: d:\Users\Kobalt\Videos\AvatarAI.gif
[18:57:52.988] Worker thread got file: d:\Users\Kobalt\Videos\AvatarAI.gif
[18:57:53.004] window.show: Ok(()), set_focus: Ok(())
[18:57:56.792] Space key DOWN event intercepted!
[18:57:56.793] Peekit window state: visible=false, is_focused=false, fg_hwnd=HWND(0x1e1410)
[18:57:56.793] is_explorer_check: hwnd=HWND(0x1e1410), class='CabinetWClass'
[18:57:56.793] is_explorer_or_desktop_active = true
[18:57:56.793] focus_control: hwnd=HWND(0x33062), class='DirectUIHWND'
[18:57:56.793] is_user_typing_text = false
[18:57:56.795] get_selected: target_hwnd=HWND(0x1e1410), class='CabinetWClass', title='видео — проводник', shell_windows_count=5
[18:57:56.797] item 0: is_hwnd_match=true, loc='видео', file='d:\Users\Kobalt\Videos\AI.mp4'
[18:57:56.797] Exact HWND match! Returning: d:\Users\Kobalt\Videos\AI.mp4
[18:57:56.798] Worker thread got file: d:\Users\Kobalt\Videos\AI.mp4
[18:57:56.812] window.show: Ok(()), set_focus: Ok(())
[18:57:59.888] Space key DOWN event intercepted!
[18:57:59.889] Peekit window state: visible=false, is_focused=false, fg_hwnd=HWND(0x1e1410)
[18:57:59.889] is_explorer_check: hwnd=HWND(0x1e1410), class='CabinetWClass'
[18:57:59.889] is_explorer_or_desktop_active = true
[18:57:59.889] focus_control: hwnd=HWND(0x33062), class='DirectUIHWND'
[18:57:59.889] is_user_typing_text = false
[18:57:59.891] get_selected: target_hwnd=HWND(0x1e1410), class='CabinetWClass', title='видео — проводник', shell_windows_count=5
[18:57:59.893] item 0: is_hwnd_match=true, loc='видео', file='d:\Users\Kobalt\Videos\15778662159420785232.jpg'
[18:57:59.893] Exact HWND match! Returning: d:\Users\Kobalt\Videos\15778662159420785232.jpg
[18:57:59.894] Worker thread got file: d:\Users\Kobalt\Videos\15778662159420785232.jpg
[18:57:59.909] window.show: Ok(()), set_focus: Ok(())
[18:58:05.577] Space key DOWN event intercepted!
[18:58:05.577] Peekit window state: visible=false, is_focused=false, fg_hwnd=HWND(0x1b2734)
[18:58:05.577] is_explorer_check: hwnd=HWND(0x1b2734), class='Chrome_WidgetWin_1'
[18:58:05.578] process_check: pid=30460, path='C:\Users\Kobalt\AppData\Local\Programs\Antigravity IDE\Antigravity IDE.exe', is_exp=false
[18:58:05.578] is_explorer_or_desktop_active = false
[18:58:07.097] Space key DOWN event intercepted!
[18:58:07.097] Peekit window state: visible=false, is_focused=false, fg_hwnd=HWND(0x1b2734)
[18:58:07.098] is_explorer_check: hwnd=HWND(0x1b2734), class='Chrome_WidgetWin_1'
[18:58:07.098] process_check: pid=30460, path='C:\Users\Kobalt\AppData\Local\Programs\Antigravity IDE\Antigravity IDE.exe', is_exp=false
[18:58:07.098] is_explorer_or_desktop_active = false
[18:58:10.058] Space key DOWN event intercepted!
[18:58:10.058] Peekit window state: visible=false, is_focused=false, fg_hwnd=HWND(0x1b2734)
[18:58:10.058] is_explorer_check: hwnd=HWND(0x1b2734), class='Chrome_WidgetWin_1'
[18:58:10.058] process_check: pid=30460, path='C:\Users\Kobalt\AppData\Local\Programs\Antigravity IDE\Antigravity IDE.exe', is_exp=false
[18:58:10.058] is_explorer_or_desktop_active = false
[18:58:10.994] Space key DOWN event intercepted!
[18:58:10.994] Peekit window state: visible=false, is_focused=false, fg_hwnd=HWND(0x1b2734)
[18:58:10.994] is_explorer_check: hwnd=HWND(0x1b2734), class='Chrome_WidgetWin_1'
[18:58:10.994] process_check: pid=30460, path='C:\Users\Kobalt\AppData\Local\Programs\Antigravity IDE\Antigravity IDE.exe', is_exp=false
[18:58:10.994] is_explorer_or_desktop_active = false
[18:58:13.162] Space key DOWN event intercepted!
[18:58:13.162] Peekit window state: visible=false, is_focused=false, fg_hwnd=HWND(0x1b2734)
[18:58:13.162] is_explorer_check: hwnd=HWND(0x1b2734), class='Chrome_WidgetWin_1'
[18:58:13.162] process_check: pid=30460, path='C:\Users\Kobalt\AppData\Local\Programs\Antigravity IDE\Antigravity IDE.exe', is_exp=false
[18:58:13.162] is_explorer_or_desktop_active = false
[18:58:13.874] Space key DOWN event intercepted!
[18:58:13.874] Peekit window state: visible=false, is_focused=false, fg_hwnd=HWND(0x1b2734)
[18:58:13.874] is_explorer_check: hwnd=HWND(0x1b2734), class='Chrome_WidgetWin_1'
[18:58:13.874] process_check: pid=30460, path='C:\Users\Kobalt\AppData\Local\Programs\Antigravity IDE\Antigravity IDE.exe', is_exp=false
[18:58:13.875] is_explorer_or_desktop_active = false
[18:58:15.226] Space key DOWN event intercepted!
[18:58:15.226] Peekit window state: visible=false, is_focused=false, fg_hwnd=HWND(0x1b2734)
[18:58:15.226] is_explorer_check: hwnd=HWND(0x1b2734), class='Chrome_WidgetWin_1'
[18:58:15.227] process_check: pid=30460, path='C:\Users\Kobalt\AppData\Local\Programs\Antigravity IDE\Antigravity IDE.exe', is_exp=false
[18:58:15.227] is_explorer_or_desktop_active = false
[18:58:17.442] Space key DOWN event intercepted!
[18:58:17.443] Peekit window state: visible=false, is_focused=false, fg_hwnd=HWND(0x1b2734)
[18:58:17.443] is_explorer_check: hwnd=HWND(0x1b2734), class='Chrome_WidgetWin_1'
[18:58:17.443] process_check: pid=30460, path='C:\Users\Kobalt\AppData\Local\Programs\Antigravity IDE\Antigravity IDE.exe', is_exp=false
[18:58:17.443] is_explorer_or_desktop_active = false
[18:58:23.411] Space key DOWN event intercepted!
[18:58:23.411] Peekit window state: visible=false, is_focused=false, fg_hwnd=HWND(0x1b2734)
[18:58:23.411] is_explorer_check: hwnd=HWND(0x1b2734), class='Chrome_WidgetWin_1'
[18:58:23.411] process_check: pid=30460, path='C:\Users\Kobalt\AppData\Local\Programs\Antigravity IDE\Antigravity IDE.exe', is_exp=false
[18:58:23.411] is_explorer_or_desktop_active = false
[18:58:27.275] Space key DOWN event intercepted!
[18:58:27.276] Peekit window state: visible=false, is_focused=false, fg_hwnd=HWND(0x1b2734)
[18:58:27.276] is_explorer_check: hwnd=HWND(0x1b2734), class='Chrome_WidgetWin_1'
[18:58:27.276] process_check: pid=30460, path='C:\Users\Kobalt\AppData\Local\Programs\Antigravity IDE\Antigravity IDE.exe', is_exp=false
[18:58:27.276] is_explorer_or_desktop_active = false
[18:58:29.084] Space key DOWN event intercepted!
[18:58:29.084] Peekit window state: visible=false, is_focused=false, fg_hwnd=HWND(0x1b2734)
[18:58:29.084] is_explorer_check: hwnd=HWND(0x1b2734), class='Chrome_WidgetWin_1'
[18:58:29.084] process_check: pid=30460, path='C:\Users\Kobalt\AppData\Local\Programs\Antigravity IDE\Antigravity IDE.exe', is_exp=false
[18:58:29.084] is_explorer_or_desktop_active = false
[18:58:30.404] Space key DOWN event intercepted!
[18:58:30.404] Peekit window state: visible=false, is_focused=false, fg_hwnd=HWND(0x1b2734)
[18:58:30.404] is_explorer_check: hwnd=HWND(0x1b2734), class='Chrome_WidgetWin_1'
[18:58:30.405] process_check: pid=30460, path='C:\Users\Kobalt\AppData\Local\Programs\Antigravity IDE\Antigravity IDE.exe', is_exp=false
[18:58:30.405] is_explorer_or_desktop_active = false
[18:58:31.220] Space key DOWN event intercepted!
[18:58:31.220] Peekit window state: visible=false, is_focused=false, fg_hwnd=HWND(0x1b2734)
[18:58:31.220] is_explorer_check: hwnd=HWND(0x1b2734), class='Chrome_WidgetWin_1'
[18:58:31.220] process_check: pid=30460, path='C:\Users\Kobalt\AppData\Local\Programs\Antigravity IDE\Antigravity IDE.exe', is_exp=false
[18:58:31.220] is_explorer_or_desktop_active = false
[18:58:32.228] Space key DOWN event intercepted!
[18:58:32.228] Peekit window state: visible=false, is_focused=false, fg_hwnd=HWND(0x1b2734)
[18:58:32.228] is_explorer_check: hwnd=HWND(0x1b2734), class='Chrome_WidgetWin_1'
[18:58:32.228] process_check: pid=30460, path='C:\Users\Kobalt\AppData\Local\Programs\Antigravity IDE\Antigravity IDE.exe', is_exp=false
[18:58:32.228] is_explorer_or_desktop_active = false
[18:58:33.877] Space key DOWN event intercepted!
[18:58:33.877] Peekit window state: visible=false, is_focused=false, fg_hwnd=HWND(0x1b2734)
[18:58:33.877] is_explorer_check: hwnd=HWND(0x1b2734), class='Chrome_WidgetWin_1'
[18:58:33.877] process_check: pid=30460, path='C:\Users\Kobalt\AppData\Local\Programs\Antigravity IDE\Antigravity IDE.exe', is_exp=false
[18:58:33.877] is_explorer_or_desktop_active = false
[18:58:35.292] Space key DOWN event intercepted!
[18:58:35.293] Peekit window state: visible=false, is_focused=false, fg_hwnd=HWND(0x1b2734)
[18:58:35.293] is_explorer_check: hwnd=HWND(0x1b2734), class='Chrome_WidgetWin_1'
[18:58:35.293] process_check: pid=30460, path='C:\Users\Kobalt\AppData\Local\Programs\Antigravity IDE\Antigravity IDE.exe', is_exp=false
[18:58:35.293] is_explorer_or_desktop_active = false
[18:58:36.348] Space key DOWN event intercepted!
[18:58:36.349] Peekit window state: visible=false, is_focused=false, fg_hwnd=HWND(0x1b2734)
[18:58:36.349] is_explorer_check: hwnd=HWND(0x1b2734), class='Chrome_WidgetWin_1'
[18:58:36.349] process_check: pid=30460, path='C:\Users\Kobalt\AppData\Local\Programs\Antigravity IDE\Antigravity IDE.exe', is_exp=false
[18:58:36.349] is_explorer_or_desktop_active = false
[18:58:38.893] Space key DOWN event intercepted!
[18:58:38.893] Peekit window state: visible=false, is_focused=false, fg_hwnd=HWND(0x1b2734)
[18:58:38.893] is_explorer_check: hwnd=HWND(0x1b2734), class='Chrome_WidgetWin_1'
[18:58:38.893] process_check: pid=30460, path='C:\Users\Kobalt\AppData\Local\Programs\Antigravity IDE\Antigravity IDE.exe', is_exp=false
[18:58:38.893] is_explorer_or_desktop_active = false
[18:58:41.717] Space key DOWN event intercepted!
[18:58:41.717] Peekit window state: visible=false, is_focused=false, fg_hwnd=HWND(0x1b2734)
[18:58:41.717] is_explorer_check: hwnd=HWND(0x1b2734), class='Chrome_WidgetWin_1'
[18:58:41.718] process_check: pid=30460, path='C:\Users\Kobalt\AppData\Local\Programs\Antigravity IDE\Antigravity IDE.exe', is_exp=false
[18:58:41.718] is_explorer_or_desktop_active = false
[18:58:44.581] Space key DOWN event intercepted!
[18:58:44.582] Peekit window state: visible=false, is_focused=false, fg_hwnd=HWND(0x1b2734)
[18:58:44.582] is_explorer_check: hwnd=HWND(0x1b2734), class='Chrome_WidgetWin_1'
[18:58:44.582] process_check: pid=30460, path='C:\Users\Kobalt\AppData\Local\Programs\Antigravity IDE\Antigravity IDE.exe', is_exp=false
[18:58:44.582] is_explorer_or_desktop_active = false
[18:58:45.237] Space key DOWN event intercepted!
[18:58:45.238] Peekit window state: visible=false, is_focused=false, fg_hwnd=HWND(0x1b2734)
[18:58:45.238] is_explorer_check: hwnd=HWND(0x1b2734), class='Chrome_WidgetWin_1'
[18:58:45.238] process_check: pid=30460, path='C:\Users\Kobalt\AppData\Local\Programs\Antigravity IDE\Antigravity IDE.exe', is_exp=false
[18:58:45.238] is_explorer_or_desktop_active = false
[18:58:46.862] Space key DOWN event intercepted!
[18:58:46.862] Peekit window state: visible=false, is_focused=false, fg_hwnd=HWND(0x1b2734)
[18:58:46.862] is_explorer_check: hwnd=HWND(0x1b2734), class='Chrome_WidgetWin_1'
[18:58:46.862] process_check: pid=30460, path='C:\Users\Kobalt\AppData\Local\Programs\Antigravity IDE\Antigravity IDE.exe', is_exp=false
[18:58:46.862] is_explorer_or_desktop_active = false
[18:58:47.878] Space key DOWN event intercepted!
[18:58:47.878] Peekit window state: visible=false, is_focused=false, fg_hwnd=HWND(0x1b2734)
[18:58:47.878] is_explorer_check: hwnd=HWND(0x1b2734), class='Chrome_WidgetWin_1'
[18:58:47.878] process_check: pid=30460, path='C:\Users\Kobalt\AppData\Local\Programs\Antigravity IDE\Antigravity IDE.exe', is_exp=false
[18:58:47.878] is_explorer_or_desktop_active = false
[18:58:49.078] Space key DOWN event intercepted!
[18:58:49.078] Peekit window state: visible=false, is_focused=false, fg_hwnd=HWND(0x1b2734)
[18:58:49.078] is_explorer_check: hwnd=HWND(0x1b2734), class='Chrome_WidgetWin_1'
[18:58:49.078] process_check: pid=30460, path='C:\Users\Kobalt\AppData\Local\Programs\Antigravity IDE\Antigravity IDE.exe', is_exp=false
[18:58:49.078] is_explorer_or_desktop_active = false
[18:58:49.718] Space key DOWN event intercepted!
[18:58:49.718] Peekit window state: visible=false, is_focused=false, fg_hwnd=HWND(0x1b2734)
[18:58:49.718] is_explorer_check: hwnd=HWND(0x1b2734), class='Chrome_WidgetWin_1'
[18:58:49.718] process_check: pid=30460, path='C:\Users\Kobalt\AppData\Local\Programs\Antigravity IDE\Antigravity IDE.exe', is_exp=false
[18:58:49.718] is_explorer_or_desktop_active = false
[18:58:50.382] Space key DOWN event intercepted!
[18:58:50.382] Peekit window state: visible=false, is_focused=false, fg_hwnd=HWND(0x1b2734)
[18:58:50.382] is_explorer_check: hwnd=HWND(0x1b2734), class='Chrome_WidgetWin_1'
[18:58:50.383] process_check: pid=30460, path='C:\Users\Kobalt\AppData\Local\Programs\Antigravity IDE\Antigravity IDE.exe', is_exp=false
[18:58:50.383] is_explorer_or_desktop_active = false
[18:58:54.590] Space key DOWN event intercepted!
[18:58:54.591] Peekit window state: visible=false, is_focused=false, fg_hwnd=HWND(0x1b2734)
[18:58:54.591] is_explorer_check: hwnd=HWND(0x1b2734), class='Chrome_WidgetWin_1'
[18:58:54.591] process_check: pid=30460, path='C:\Users\Kobalt\AppData\Local\Programs\Antigravity IDE\Antigravity IDE.exe', is_exp=false
[18:58:54.591] is_explorer_or_desktop_active = false
[18:58:57.199] Space key DOWN event intercepted!
[18:58:57.199] Peekit window state: visible=false, is_focused=false, fg_hwnd=HWND(0x1b2734)
[18:58:57.199] is_explorer_check: hwnd=HWND(0x1b2734), class='Chrome_WidgetWin_1'
[18:58:57.199] process_check: pid=30460, path='C:\Users\Kobalt\AppData\Local\Programs\Antigravity IDE\Antigravity IDE.exe', is_exp=false
[18:58:57.199] is_explorer_or_desktop_active = false
[18:58:58.991] Space key DOWN event intercepted!
[18:58:58.991] Peekit window state: visible=false, is_focused=false, fg_hwnd=HWND(0x1b2734)
[18:58:58.991] is_explorer_check: hwnd=HWND(0x1b2734), class='Chrome_WidgetWin_1'
[18:58:58.991] process_check: pid=30460, path='C:\Users\Kobalt\AppData\Local\Programs\Antigravity IDE\Antigravity IDE.exe', is_exp=false
[18:58:58.991] is_explorer_or_desktop_active = false
[18:59:00.495] Space key DOWN event intercepted!
[18:59:00.495] Peekit window state: visible=false, is_focused=false, fg_hwnd=HWND(0x1b2734)
[18:59:00.495] is_explorer_check: hwnd=HWND(0x1b2734), class='Chrome_WidgetWin_1'
[18:59:00.496] process_check: pid=30460, path='C:\Users\Kobalt\AppData\Local\Programs\Antigravity IDE\Antigravity IDE.exe', is_exp=false
[18:59:00.496] is_explorer_or_desktop_active = false
[18:59:02.495] Space key DOWN event intercepted!
[18:59:02.496] Peekit window state: visible=false, is_focused=false, fg_hwnd=HWND(0x1b2734)
[18:59:02.496] is_explorer_check: hwnd=HWND(0x1b2734), class='Chrome_WidgetWin_1'
[18:59:02.496] process_check: pid=30460, path='C:\Users\Kobalt\AppData\Local\Programs\Antigravity IDE\Antigravity IDE.exe', is_exp=false
[18:59:02.496] is_explorer_or_desktop_active = false
[19:00:06.838] Space key DOWN event intercepted!
[19:00:06.839] Peekit window state: visible=false, is_focused=false, fg_hwnd=HWND(0x1e1410)
[19:00:06.839] is_explorer_check: hwnd=HWND(0x1e1410), class='CabinetWClass'
[19:00:06.839] is_explorer_or_desktop_active = true
[19:00:06.839] focus_control: hwnd=HWND(0x43020), class='DirectUIHWND'
[19:00:06.839] is_user_typing_text = false
[19:00:06.843] get_selected: target_hwnd=HWND(0x1e1410), class='CabinetWClass', title='documents — проводник', shell_windows_count=5
[19:00:06.847] item 0: is_hwnd_match=true, loc='documents', file='d:\Users\Kobalt\Documents\Тестирование окна различий_20250709_191333.md'
[19:00:06.847] Exact HWND match! Returning: d:\Users\Kobalt\Documents\Тестирование окна различий_20250709_191333.md
[19:00:06.847] Worker thread got file: d:\Users\Kobalt\Documents\Тестирование окна различий_20250709_191333.md
[19:00:06.862] window.show: Ok(()), set_focus: Ok(())
[19:00:11.791] Space key DOWN event intercepted!
[19:00:11.791] Peekit window state: visible=false, is_focused=false, fg_hwnd=HWND(0x1e1410)
[19:00:11.791] is_explorer_check: hwnd=HWND(0x1e1410), class='CabinetWClass'
[19:00:11.791] is_explorer_or_desktop_active = true
[19:00:11.791] focus_control: hwnd=HWND(0x43020), class='DirectUIHWND'
[19:00:11.791] is_user_typing_text = false
[19:00:11.795] get_selected: target_hwnd=HWND(0x1e1410), class='CabinetWClass', title='documents — проводник', shell_windows_count=5
[19:00:11.797] item 0: is_hwnd_match=true, loc='documents', file='d:\Users\Kobalt\Documents\Настройка сервера.html'
[19:00:11.798] Exact HWND match! Returning: d:\Users\Kobalt\Documents\Настройка сервера.html
[19:00:11.798] Worker thread got file: d:\Users\Kobalt\Documents\Настройка сервера.html
[19:00:11.815] window.show: Ok(()), set_focus: Ok(())
[19:00:18.128] Space key DOWN event intercepted!
[19:00:18.128] Peekit window state: visible=false, is_focused=false, fg_hwnd=HWND(0x1e1410)
[19:00:18.128] is_explorer_check: hwnd=HWND(0x1e1410), class='CabinetWClass'
[19:00:18.128] is_explorer_or_desktop_active = true
[19:00:18.128] focus_control: hwnd=HWND(0x43020), class='DirectUIHWND'
[19:00:18.128] is_user_typing_text = false
[19:00:18.131] get_selected: target_hwnd=HWND(0x1e1410), class='CabinetWClass', title='documents — проводник', shell_windows_count=5
[19:00:18.132] item 0: is_hwnd_match=true, loc='documents', file='d:\Users\Kobalt\Documents\3-4 глава.docx'
[19:00:18.133] Exact HWND match! Returning: d:\Users\Kobalt\Documents\3-4 глава.docx
[19:00:18.133] Worker thread got file: d:\Users\Kobalt\Documents\3-4 глава.docx
[19:00:18.149] window.show: Ok(()), set_focus: Ok(())
[19:00:33.289] Space key DOWN event intercepted!
[19:00:33.289] Peekit window state: visible=false, is_focused=false, fg_hwnd=HWND(0x1e1410)
[19:00:33.290] is_explorer_check: hwnd=HWND(0x1e1410), class='CabinetWClass'
[19:00:33.290] is_explorer_or_desktop_active = true
[19:00:33.290] focus_control: hwnd=HWND(0x43020), class='DirectUIHWND'
[19:00:33.290] is_user_typing_text = false
[19:00:33.292] get_selected: target_hwnd=HWND(0x1e1410), class='CabinetWClass', title='documents — проводник', shell_windows_count=5
[19:00:33.294] item 0: is_hwnd_match=true, loc='documents', file='d:\Users\Kobalt\Documents\Презентация_Иванов_Иван.pptx'
[19:00:33.294] Exact HWND match! Returning: d:\Users\Kobalt\Documents\Презентация_Иванов_Иван.pptx
[19:00:33.295] Worker thread got file: d:\Users\Kobalt\Documents\Презентация_Иванов_Иван.pptx
[19:00:33.311] window.show: Ok(()), set_focus: Ok(())
[19:00:37.266] Space key DOWN event intercepted!
[19:00:37.266] Peekit window state: visible=false, is_focused=false, fg_hwnd=HWND(0x1e1410)
[19:00:37.266] is_explorer_check: hwnd=HWND(0x1e1410), class='CabinetWClass'
[19:00:37.266] is_explorer_or_desktop_active = true
[19:00:37.266] focus_control: hwnd=HWND(0x43020), class='DirectUIHWND'
[19:00:37.266] is_user_typing_text = false
[19:00:37.268] get_selected: target_hwnd=HWND(0x1e1410), class='CabinetWClass', title='documents — проводник', shell_windows_count=5
[19:00:37.270] item 0: is_hwnd_match=true, loc='documents', file='d:\Users\Kobalt\Documents\Agents.zip'
[19:00:37.270] Exact HWND match! Returning: d:\Users\Kobalt\Documents\Agents.zip
[19:00:37.271] Worker thread got file: d:\Users\Kobalt\Documents\Agents.zip
[19:00:37.287] window.show: Ok(()), set_focus: Ok(())
[19:00:42.042] Space key DOWN event intercepted!
[19:00:42.043] Peekit window state: visible=false, is_focused=false, fg_hwnd=HWND(0x1e1410)
[19:00:42.043] is_explorer_check: hwnd=HWND(0x1e1410), class='CabinetWClass'
[19:00:42.043] is_explorer_or_desktop_active = true
[19:00:42.043] focus_control: hwnd=HWND(0x43020), class='DirectUIHWND'
[19:00:42.043] is_user_typing_text = false
[19:00:42.046] get_selected: target_hwnd=HWND(0x1e1410), class='CabinetWClass', title='documents — проводник', shell_windows_count=5
[19:00:42.049] item 0: is_hwnd_match=true, loc='documents', file='d:\Users\Kobalt\Documents\Element.txt'
[19:00:42.049] Exact HWND match! Returning: d:\Users\Kobalt\Documents\Element.txt
[19:00:42.049] Worker thread got file: d:\Users\Kobalt\Documents\Element.txt
[19:00:42.071] window.show: Ok(()), set_focus: Ok(())
[19:00:46.491] Space key DOWN event intercepted!
[19:00:46.491] Peekit window state: visible=false, is_focused=false, fg_hwnd=HWND(0x1e1410)
[19:00:46.491] is_explorer_check: hwnd=HWND(0x1e1410), class='CabinetWClass'
[19:00:46.491] is_explorer_or_desktop_active = true
[19:00:46.491] focus_control: hwnd=HWND(0x43020), class='DirectUIHWND'
[19:00:46.491] is_user_typing_text = false
[19:00:46.499] get_selected: target_hwnd=HWND(0x1e1410), class='CabinetWClass', title='documents — проводник', shell_windows_count=5
[19:00:46.501] item 0: is_hwnd_match=true, loc='documents', file='d:\Users\Kobalt\Documents\SSH.txt'
[19:00:46.501] Exact HWND match! Returning: d:\Users\Kobalt\Documents\SSH.txt
[19:00:46.502] Worker thread got file: d:\Users\Kobalt\Documents\SSH.txt
[19:00:46.522] window.show: Ok(()), set_focus: Ok(())
[19:00:53.075] Space key DOWN event intercepted!
[19:00:53.076] Peekit window state: visible=false, is_focused=false, fg_hwnd=HWND(0x1e1410)
[19:00:53.076] is_explorer_check: hwnd=HWND(0x1e1410), class='CabinetWClass'
[19:00:53.076] is_explorer_or_desktop_active = true
[19:00:53.076] focus_control: hwnd=HWND(0x43020), class='DirectUIHWND'
[19:00:53.076] is_user_typing_text = false
[19:00:53.079] get_selected: target_hwnd=HWND(0x1e1410), class='CabinetWClass', title='documents — проводник', shell_windows_count=5
[19:00:53.081] item 0: is_hwnd_match=true, loc='documents', file='d:\Users\Kobalt\Documents\Наклейки на коллекторы.ai'
[19:00:53.081] Exact HWND match! Returning: d:\Users\Kobalt\Documents\Наклейки на коллекторы.ai
[19:00:53.081] Worker thread got file: d:\Users\Kobalt\Documents\Наклейки на коллекторы.ai
[19:00:53.099] window.show: Ok(()), set_focus: Ok(())
[19:01:01.860] Space key DOWN event intercepted!
[19:01:01.861] Peekit window state: visible=false, is_focused=false, fg_hwnd=HWND(0x1e1410)
[19:01:01.861] is_explorer_check: hwnd=HWND(0x1e1410), class='CabinetWClass'
[19:01:01.861] is_explorer_or_desktop_active = true
[19:01:01.861] focus_control: hwnd=HWND(0x43020), class='DirectUIHWND'
[19:01:01.861] is_user_typing_text = false
[19:01:01.863] get_selected: target_hwnd=HWND(0x1e1410), class='CabinetWClass', title='documents — проводник', shell_windows_count=5
[19:01:01.865] item 0: is_hwnd_match=true, loc='documents', file='d:\Users\Kobalt\Documents\receipt_18.06.2025.pdf'
[19:01:01.865] Exact HWND match! Returning: d:\Users\Kobalt\Documents\receipt_18.06.2025.pdf
[19:01:01.866] Worker thread got file: d:\Users\Kobalt\Documents\receipt_18.06.2025.pdf
[19:01:01.879] window.show: Ok(()), set_focus: Ok(())
[19:01:05.181] Space key DOWN event intercepted!
[19:01:05.181] Peekit window state: visible=false, is_focused=false, fg_hwnd=HWND(0x1e1410)
[19:01:05.181] is_explorer_check: hwnd=HWND(0x1e1410), class='CabinetWClass'
[19:01:05.181] is_explorer_or_desktop_active = true
[19:01:05.181] focus_control: hwnd=HWND(0x43020), class='DirectUIHWND'
[19:01:05.181] is_user_typing_text = false
[19:01:05.185] get_selected: target_hwnd=HWND(0x1e1410), class='CabinetWClass', title='documents — проводник', shell_windows_count=5
[19:01:05.187] item 0: is_hwnd_match=true, loc='documents', file='d:\Users\Kobalt\Documents\SandFlow_Album_Иванова_Ольга_1779807783482.pdf'
[19:01:05.187] Exact HWND match! Returning: d:\Users\Kobalt\Documents\SandFlow_Album_Иванова_Ольга_1779807783482.pdf
[19:01:05.187] Worker thread got file: d:\Users\Kobalt\Documents\SandFlow_Album_Иванова_Ольга_1779807783482.pdf
[19:01:05.203] window.show: Ok(()), set_focus: Ok(())
[19:01:12.142] Space key DOWN event intercepted!
[19:01:12.142] Peekit window state: visible=false, is_focused=false, fg_hwnd=HWND(0x1e1410)
[19:01:12.142] is_explorer_check: hwnd=HWND(0x1e1410), class='CabinetWClass'
[19:01:12.142] is_explorer_or_desktop_active = true
[19:01:12.142] focus_control: hwnd=HWND(0x43020), class='DirectUIHWND'
[19:01:12.142] is_user_typing_text = false
[19:01:12.145] get_selected: target_hwnd=HWND(0x1e1410), class='CabinetWClass', title='documents — проводник', shell_windows_count=5
[19:01:12.147] item 0: is_hwnd_match=true, loc='documents', file='d:\Users\Kobalt\Documents\Выписка_из_Единого_государственного_реестра_недвижимости_№5.pdf'
[19:01:12.147] Exact HWND match! Returning: d:\Users\Kobalt\Documents\Выписка_из_Единого_государственного_реестра_недвижимости_№5.pdf
[19:01:12.148] Worker thread got file: d:\Users\Kobalt\Documents\Выписка_из_Единого_государственного_реестра_недвижимости_№5.pdf
[19:01:12.161] window.show: Ok(()), set_focus: Ok(())
[19:01:22.063] Space key DOWN event intercepted!
[19:01:22.063] Peekit window state: visible=false, is_focused=false, fg_hwnd=HWND(0x1e1410)
[19:01:22.063] is_explorer_check: hwnd=HWND(0x1e1410), class='CabinetWClass'
[19:01:22.063] is_explorer_or_desktop_active = true
[19:01:22.063] focus_control: hwnd=HWND(0x43020), class='DirectUIHWND'
[19:01:22.063] is_user_typing_text = false
[19:01:22.067] get_selected: target_hwnd=HWND(0x1e1410), class='CabinetWClass', title='documents — проводник', shell_windows_count=5
[19:01:22.070] item 0: is_hwnd_match=true, loc='documents', file='d:\Users\Kobalt\Documents\Polypropylene manifold.skb'
[19:01:22.070] Exact HWND match! Returning: d:\Users\Kobalt\Documents\Polypropylene manifold.skb
[19:01:22.070] Worker thread got file: d:\Users\Kobalt\Documents\Polypropylene manifold.skb
[19:01:22.092] window.show: Ok(()), set_focus: Ok(())
[19:01:31.712] Space key DOWN event intercepted!
[19:01:31.712] Peekit window state: visible=false, is_focused=false, fg_hwnd=HWND(0x1e1410)
[19:01:31.712] is_explorer_check: hwnd=HWND(0x1e1410), class='CabinetWClass'
[19:01:31.712] is_explorer_or_desktop_active = true
[19:01:31.712] focus_control: hwnd=HWND(0x43020), class='DirectUIHWND'
[19:01:31.712] is_user_typing_text = false
[19:01:31.715] get_selected: target_hwnd=HWND(0x1e1410), class='CabinetWClass', title='documents — проводник', shell_windows_count=5
[19:01:31.717] item 0: is_hwnd_match=true, loc='documents', file='d:\Users\Kobalt\Documents\repomix-output-cacggghp-vk-turn-proxy.xml'
[19:01:31.717] Exact HWND match! Returning: d:\Users\Kobalt\Documents\repomix-output-cacggghp-vk-turn-proxy.xml
[19:01:31.718] Worker thread got file: d:\Users\Kobalt\Documents\repomix-output-cacggghp-vk-turn-proxy.xml
[19:01:31.736] window.show: Ok(()), set_focus: Ok(())
[19:01:34.856] Space key DOWN event intercepted!
[19:01:34.856] Peekit window state: visible=false, is_focused=false, fg_hwnd=HWND(0x1e1410)
[19:01:34.856] is_explorer_check: hwnd=HWND(0x1e1410), class='CabinetWClass'
[19:01:34.856] is_explorer_or_desktop_active = true
[19:01:34.857] focus_control: hwnd=HWND(0x43020), class='DirectUIHWND'
[19:01:34.857] is_user_typing_text = false
[19:01:34.859] get_selected: target_hwnd=HWND(0x1e1410), class='CabinetWClass', title='documents — проводник', shell_windows_count=5
[19:01:34.861] item 0: is_hwnd_match=true, loc='documents', file='d:\Users\Kobalt\Documents\icon.svg'
[19:01:34.861] Exact HWND match! Returning: d:\Users\Kobalt\Documents\icon.svg
[19:01:34.861] Worker thread got file: d:\Users\Kobalt\Documents\icon.svg
[19:01:34.878] window.show: Ok(()), set_focus: Ok(())
[19:03:20.246] setup starting
[19:03:20.253] Tray created: id=TrayIconId("main_tray")
[19:03:20.253] start_hook (main thread): successfully installed hook_id=HHOOK(0x1d81f0b)
[19:03:20.253] setup completed successfully
[19:03:24.444] Space key DOWN event intercepted!
[19:03:24.444] Peekit window state: visible=false, is_focused=false, fg_hwnd=HWND(0x1e1410)
[19:03:24.445] is_explorer_check: hwnd=HWND(0x1e1410), class='CabinetWClass'
[19:03:24.445] is_explorer_or_desktop_active = true
[19:03:24.445] focus_control: hwnd=HWND(0x153000), class='DirectUIHWND'
[19:03:24.445] is_user_typing_text = false
[19:03:24.449] get_selected: target_hwnd=HWND(0x1e1410), class='CabinetWClass', title='icons — проводник', shell_windows_count=5
[19:03:24.456] item 0: is_hwnd_match=true, loc='icons', file='D:\Projects\active\minibin_new\src-tauri\icons\fluent-empty.png'
[19:03:24.456] Exact HWND match! Returning: D:\Projects\active\minibin_new\src-tauri\icons\fluent-empty.png
[19:03:24.456] Worker thread got file: D:\Projects\active\minibin_new\src-tauri\icons\fluent-empty.png
[19:03:24.471] window.show: Ok(()), set_focus: Ok(())
[19:03:26.056] hide_and_reset called
[19:03:26.063] Restored foreground focus to Explorer HWND: HWND(0x1e1410)
[19:03:26.980] Space key DOWN event intercepted!
[19:03:26.981] Peekit window state: visible=false, is_focused=false, fg_hwnd=HWND(0x1e1410)
[19:03:26.981] is_explorer_check: hwnd=HWND(0x1e1410), class='CabinetWClass'
[19:03:26.981] is_explorer_or_desktop_active = true
[19:03:26.981] focus_control: hwnd=HWND(0x1e1410), class='CabinetWClass'
[19:03:26.981] is_user_typing_text = false
[19:03:26.983] get_selected: target_hwnd=HWND(0x1e1410), class='CabinetWClass', title='icons — проводник', shell_windows_count=5
[19:03:26.985] item 0: is_hwnd_match=true, loc='icons', file='D:\Projects\active\minibin_new\src-tauri\icons\fluent-empty.png'
[19:03:26.985] Exact HWND match! Returning: D:\Projects\active\minibin_new\src-tauri\icons\fluent-empty.png
[19:03:26.986] Worker thread got file: D:\Projects\active\minibin_new\src-tauri\icons\fluent-empty.png
[19:03:27.001] window.show: Ok(()), set_focus: Ok(())
[19:03:28.064] hide_and_reset called
[19:03:28.073] Restored foreground focus to Explorer HWND: HWND(0x1e1410)
[19:03:29.901] Space key DOWN event intercepted!
[19:03:29.901] Peekit window state: visible=false, is_focused=false, fg_hwnd=HWND(0x1e1410)
[19:03:29.901] is_explorer_check: hwnd=HWND(0x1e1410), class='CabinetWClass'
[19:03:29.901] is_explorer_or_desktop_active = true
[19:03:29.901] focus_control: hwnd=HWND(0x153000), class='DirectUIHWND'
[19:03:29.901] is_user_typing_text = false
[19:03:29.904] get_selected: target_hwnd=HWND(0x1e1410), class='CabinetWClass', title='icons — проводник', shell_windows_count=5
[19:03:29.906] item 0: is_hwnd_match=true, loc='icons', file='D:\Projects\active\minibin_new\src-tauri\icons\fluent-full.png'
[19:03:29.906] Exact HWND match! Returning: D:\Projects\active\minibin_new\src-tauri\icons\fluent-full.png
[19:03:29.906] Worker thread got file: D:\Projects\active\minibin_new\src-tauri\icons\fluent-full.png
[19:03:29.922] window.show: Ok(()), set_focus: Ok(())
[19:03:30.784] hide_and_reset called
[19:03:30.790] Restored foreground focus to Explorer HWND: HWND(0x1e1410)
[19:03:32.725] Space key DOWN event intercepted!
[19:03:32.725] Peekit window state: visible=false, is_focused=false, fg_hwnd=HWND(0x1e1410)
[19:03:32.725] is_explorer_check: hwnd=HWND(0x1e1410), class='CabinetWClass'
[19:03:32.726] is_explorer_or_desktop_active = true
[19:03:32.726] focus_control: hwnd=HWND(0x153000), class='DirectUIHWND'
[19:03:32.726] is_user_typing_text = false
[19:03:32.728] get_selected: target_hwnd=HWND(0x1e1410), class='CabinetWClass', title='icons — проводник', shell_windows_count=5
[19:03:32.730] item 0: is_hwnd_match=true, loc='icons', file='D:\Projects\active\minibin_new\src-tauri\icons\icon.ico'
[19:03:32.730] Exact HWND match! Returning: D:\Projects\active\minibin_new\src-tauri\icons\icon.ico
[19:03:32.730] Worker thread got file: D:\Projects\active\minibin_new\src-tauri\icons\icon.ico
[19:03:32.747] window.show: Ok(()), set_focus: Ok(())
[19:03:33.536] hide_and_reset called
[19:03:33.543] Restored foreground focus to Explorer HWND: HWND(0x1e1410)
[19:03:35.789] Space key DOWN event intercepted!
[19:03:35.790] Peekit window state: visible=false, is_focused=false, fg_hwnd=HWND(0x1e1410)
[19:03:35.790] is_explorer_check: hwnd=HWND(0x1e1410), class='CabinetWClass'
[19:03:35.790] is_explorer_or_desktop_active = true
[19:03:35.790] focus_control: hwnd=HWND(0x153000), class='DirectUIHWND'
[19:03:35.790] is_user_typing_text = false
[19:03:35.792] get_selected: target_hwnd=HWND(0x1e1410), class='CabinetWClass', title='icons — проводник', shell_windows_count=5
[19:03:35.794] item 0: is_hwnd_match=true, loc='icons', file='D:\Projects\active\minibin_new\src-tauri\icons\minibin-empty.png'
[19:03:35.794] Exact HWND match! Returning: D:\Projects\active\minibin_new\src-tauri\icons\minibin-empty.png
[19:03:35.794] Worker thread got file: D:\Projects\active\minibin_new\src-tauri\icons\minibin-empty.png
[19:03:35.810] window.show: Ok(()), set_focus: Ok(())
[19:03:36.535] hide_and_reset called
[19:03:36.542] Restored foreground focus to Explorer HWND: HWND(0x1e1410)
[19:03:45.110] Space key DOWN event intercepted!
[19:03:45.111] Peekit window state: visible=false, is_focused=false, fg_hwnd=HWND(0x1e1410)
[19:03:45.111] is_explorer_check: hwnd=HWND(0x1e1410), class='CabinetWClass'
[19:03:45.111] is_explorer_or_desktop_active = true
[19:03:45.111] focus_control: hwnd=HWND(0x122f10), class='DirectUIHWND'
[19:03:45.111] is_user_typing_text = false
[19:03:45.114] get_selected: target_hwnd=HWND(0x1e1410), class='CabinetWClass', title='видео — проводник', shell_windows_count=5
[19:03:45.117] item 0: is_hwnd_match=true, loc='видео', file='d:\Users\Kobalt\Videos\2025-07-30 08-06-09.mkv'
[19:03:45.117] Exact HWND match! Returning: d:\Users\Kobalt\Videos\2025-07-30 08-06-09.mkv
[19:03:45.118] Worker thread got file: d:\Users\Kobalt\Videos\2025-07-30 08-06-09.mkv
[19:03:45.135] window.show: Ok(()), set_focus: Ok(())
[19:03:47.787] hide_and_reset called
[19:03:47.794] Restored foreground focus to Explorer HWND: HWND(0x1e1410)
[19:03:49.735] Space key DOWN event intercepted!
[19:03:49.735] Peekit window state: visible=false, is_focused=false, fg_hwnd=HWND(0x1e1410)
[19:03:49.735] is_explorer_check: hwnd=HWND(0x1e1410), class='CabinetWClass'
[19:03:49.735] is_explorer_or_desktop_active = true
[19:03:49.735] focus_control: hwnd=HWND(0x122f10), class='DirectUIHWND'
[19:03:49.735] is_user_typing_text = false
[19:03:49.738] get_selected: target_hwnd=HWND(0x1e1410), class='CabinetWClass', title='видео — проводник', shell_windows_count=5
[19:03:49.740] item 0: is_hwnd_match=true, loc='видео', file='d:\Users\Kobalt\Videos\AvatarAI.mp4'
[19:03:49.740] Exact HWND match! Returning: d:\Users\Kobalt\Videos\AvatarAI.mp4
[19:03:49.740] Worker thread got file: d:\Users\Kobalt\Videos\AvatarAI.mp4
[19:03:49.758] window.show: Ok(()), set_focus: Ok(())
[19:04:02.268] hide_and_reset called
[19:04:02.275] Restored foreground focus to Explorer HWND: HWND(0x1e1410)
[19:04:02.345] Space key UP event intercepted!
[19:04:03.896] Space key DOWN event intercepted!
[19:04:03.897] Peekit window state: visible=false, is_focused=false, fg_hwnd=HWND(0x1e1410)
[19:04:03.897] is_explorer_check: hwnd=HWND(0x1e1410), class='CabinetWClass'
[19:04:03.897] is_explorer_or_desktop_active = true
[19:04:03.897] focus_control: hwnd=HWND(0x122f10), class='DirectUIHWND'
[19:04:03.897] is_user_typing_text = false
[19:04:03.901] get_selected: target_hwnd=HWND(0x1e1410), class='CabinetWClass', title='видео — проводник', shell_windows_count=5
[19:04:03.902] item 0: is_hwnd_match=true, loc='видео', file='d:\Users\Kobalt\Videos\анимируй_аватар_для_телеграм_в.mp4'
[19:04:03.902] Exact HWND match! Returning: d:\Users\Kobalt\Videos\анимируй_аватар_для_телеграм_в.mp4
[19:04:03.903] Worker thread got file: d:\Users\Kobalt\Videos\анимируй_аватар_для_телеграм_в.mp4
[19:04:03.919] window.show: Ok(()), set_focus: Ok(())
[19:04:05.084] hide_and_reset called
[19:04:05.093] Restored foreground focus to Explorer HWND: HWND(0x1e1410)
[19:04:07.393] Space key DOWN event intercepted!
[19:04:07.393] Peekit window state: visible=false, is_focused=false, fg_hwnd=HWND(0x1e1410)
[19:04:07.394] is_explorer_check: hwnd=HWND(0x1e1410), class='CabinetWClass'
[19:04:07.394] is_explorer_or_desktop_active = true
[19:04:07.394] focus_control: hwnd=HWND(0x122f10), class='DirectUIHWND'
[19:04:07.394] is_user_typing_text = false
[19:04:07.397] get_selected: target_hwnd=HWND(0x1e1410), class='CabinetWClass', title='видео — проводник', shell_windows_count=5
[19:04:07.399] item 0: is_hwnd_match=true, loc='видео', file='d:\Users\Kobalt\Videos\Smaller head proportions.png'
[19:04:07.400] Exact HWND match! Returning: d:\Users\Kobalt\Videos\Smaller head proportions.png
[19:04:07.400] Worker thread got file: d:\Users\Kobalt\Videos\Smaller head proportions.png
[19:04:07.416] window.show: Ok(()), set_focus: Ok(())
[19:04:08.684] hide_and_reset called
[19:04:08.691] Restored foreground focus to Explorer HWND: HWND(0x1e1410)
[19:04:09.969] Space key DOWN event intercepted!
[19:04:09.969] Peekit window state: visible=false, is_focused=false, fg_hwnd=HWND(0x1e1410)
[19:04:09.970] is_explorer_check: hwnd=HWND(0x1e1410), class='CabinetWClass'
[19:04:09.970] is_explorer_or_desktop_active = true
[19:04:09.970] focus_control: hwnd=HWND(0x122f10), class='DirectUIHWND'
[19:04:09.970] is_user_typing_text = false
[19:04:09.972] get_selected: target_hwnd=HWND(0x1e1410), class='CabinetWClass', title='видео — проводник', shell_windows_count=5
[19:04:09.974] item 0: is_hwnd_match=true, loc='видео', file='d:\Users\Kobalt\Videos\Render.mp4'
[19:04:09.974] Exact HWND match! Returning: d:\Users\Kobalt\Videos\Render.mp4
[19:04:09.974] Worker thread got file: d:\Users\Kobalt\Videos\Render.mp4
[19:04:09.990] window.show: Ok(()), set_focus: Ok(())
[19:04:11.293] hide_and_reset called
[19:04:11.302] Restored foreground focus to Explorer HWND: HWND(0x1e1410)
[19:04:11.401] Space key UP event intercepted!
[19:04:12.313] Space key DOWN event intercepted!
[19:04:12.314] Peekit window state: visible=false, is_focused=false, fg_hwnd=HWND(0x1e1410)
[19:04:12.314] is_explorer_check: hwnd=HWND(0x1e1410), class='CabinetWClass'
[19:04:12.314] is_explorer_or_desktop_active = true
[19:04:12.314] focus_control: hwnd=HWND(0x122f10), class='DirectUIHWND'
[19:04:12.314] is_user_typing_text = false
[19:04:12.317] get_selected: target_hwnd=HWND(0x1e1410), class='CabinetWClass', title='видео — проводник', shell_windows_count=5
[19:04:12.318] item 0: is_hwnd_match=true, loc='видео', file='d:\Users\Kobalt\Videos\Generated File August 17, 2025 - 10_28PM.mp4'
[19:04:12.319] Exact HWND match! Returning: d:\Users\Kobalt\Videos\Generated File August 17, 2025 - 10_28PM.mp4
[19:04:12.319] Worker thread got file: d:\Users\Kobalt\Videos\Generated File August 17, 2025 - 10_28PM.mp4
[19:04:12.336] window.show: Ok(()), set_focus: Ok(())
[19:04:13.750] hide_and_reset called
[19:04:13.758] Restored foreground focus to Explorer HWND: HWND(0x1e1410)
[19:04:13.794] Space key UP event intercepted!
[19:04:14.658] Space key DOWN event intercepted!
[19:04:14.658] Peekit window state: visible=false, is_focused=false, fg_hwnd=HWND(0x1e1410)
[19:04:14.658] is_explorer_check: hwnd=HWND(0x1e1410), class='CabinetWClass'
[19:04:14.658] is_explorer_or_desktop_active = true
[19:04:14.658] focus_control: hwnd=HWND(0x122f10), class='DirectUIHWND'
[19:04:14.658] is_user_typing_text = false
[19:04:14.661] get_selected: target_hwnd=HWND(0x1e1410), class='CabinetWClass', title='видео — проводник', shell_windows_count=5
[19:04:14.664] item 0: is_hwnd_match=true, loc='видео', file='d:\Users\Kobalt\Videos\Generated File August 17, 2025 - 10_24PM.mp4'
[19:04:14.664] Exact HWND match! Returning: d:\Users\Kobalt\Videos\Generated File August 17, 2025 - 10_24PM.mp4
[19:04:14.664] Worker thread got file: d:\Users\Kobalt\Videos\Generated File August 17, 2025 - 10_24PM.mp4
[19:04:14.679] window.show: Ok(()), set_focus: Ok(())
[19:04:15.804] hide_and_reset called
[19:04:15.812] Restored foreground focus to Explorer HWND: HWND(0x1e1410)
[19:04:15.866] Space key UP event intercepted!
[19:04:16.890] Space key DOWN event intercepted!
[19:04:16.890] Peekit window state: visible=false, is_focused=false, fg_hwnd=HWND(0x1e1410)
[19:04:16.890] is_explorer_check: hwnd=HWND(0x1e1410), class='CabinetWClass'
[19:04:16.890] is_explorer_or_desktop_active = true
[19:04:16.890] focus_control: hwnd=HWND(0x122f10), class='DirectUIHWND'
[19:04:16.890] is_user_typing_text = false
[19:04:16.893] get_selected: target_hwnd=HWND(0x1e1410), class='CabinetWClass', title='видео — проводник', shell_windows_count=5
[19:04:16.896] item 0: is_hwnd_match=true, loc='видео', file='d:\Users\Kobalt\Videos\AvatarAI.mp4'
[19:04:16.896] Exact HWND match! Returning: d:\Users\Kobalt\Videos\AvatarAI.mp4
[19:04:16.896] Worker thread got file: d:\Users\Kobalt\Videos\AvatarAI.mp4
[19:04:16.916] window.show: Ok(()), set_focus: Ok(())
[19:04:19.032] hide_and_reset called
[19:04:19.042] Restored foreground focus to Explorer HWND: HWND(0x1e1410)
[19:04:19.826] Space key DOWN event intercepted!
[19:04:19.826] Peekit window state: visible=false, is_focused=false, fg_hwnd=HWND(0x1e1410)
[19:04:19.827] is_explorer_check: hwnd=HWND(0x1e1410), class='CabinetWClass'
[19:04:19.827] is_explorer_or_desktop_active = true
[19:04:19.827] focus_control: hwnd=HWND(0x122f10), class='DirectUIHWND'
[19:04:19.827] is_user_typing_text = false
[19:04:19.830] get_selected: target_hwnd=HWND(0x1e1410), class='CabinetWClass', title='видео — проводник', shell_windows_count=5
[19:04:19.832] item 0: is_hwnd_match=true, loc='видео', file='d:\Users\Kobalt\Videos\2025-07-30 08-06-09.mkv'
[19:04:19.832] Exact HWND match! Returning: d:\Users\Kobalt\Videos\2025-07-30 08-06-09.mkv
[19:04:19.833] Worker thread got file: d:\Users\Kobalt\Videos\2025-07-30 08-06-09.mkv
[19:04:19.847] window.show: Ok(()), set_focus: Ok(())
[19:04:21.341] hide_and_reset called
[19:04:21.349] Restored foreground focus to Explorer HWND: HWND(0x1e1410)
[19:04:22.386] Escape key DOWN event intercepted!
[19:04:23.691] Space key DOWN event intercepted!
[19:04:23.691] Peekit window state: visible=false, is_focused=false, fg_hwnd=HWND(0x1e1410)
[19:04:23.691] is_explorer_check: hwnd=HWND(0x1e1410), class='CabinetWClass'
[19:04:23.691] is_explorer_or_desktop_active = true
[19:04:23.691] focus_control: hwnd=HWND(0x122f10), class='DirectUIHWND'
[19:04:23.691] is_user_typing_text = false
[19:04:23.694] get_selected: target_hwnd=HWND(0x1e1410), class='CabinetWClass', title='видео — проводник', shell_windows_count=5
[19:04:23.696] item 0: is_hwnd_match=true, loc='видео', file='d:\Users\Kobalt\Videos\23232-333604632_small.mp4'
[19:04:23.696] Exact HWND match! Returning: d:\Users\Kobalt\Videos\23232-333604632_small.mp4
[19:04:23.696] Worker thread got file: d:\Users\Kobalt\Videos\23232-333604632_small.mp4
[19:04:23.713] window.show: Ok(()), set_focus: Ok(())
[19:04:26.854] hide_and_reset called
[19:04:26.860] Restored foreground focus to Explorer HWND: HWND(0x1e1410)
[19:04:26.947] Space key UP event intercepted!
[19:04:32.404] Space key DOWN event intercepted!
[19:04:32.404] Peekit window state: visible=false, is_focused=false, fg_hwnd=HWND(0x1e1410)
[19:04:32.404] is_explorer_check: hwnd=HWND(0x1e1410), class='CabinetWClass'
[19:04:32.404] is_explorer_or_desktop_active = true
[19:04:32.404] focus_control: hwnd=HWND(0x1230a6), class='DirectUIHWND'
[19:04:32.404] is_user_typing_text = false
[19:04:32.407] get_selected: target_hwnd=HWND(0x1e1410), class='CabinetWClass', title='изображения — проводник', shell_windows_count=5
[19:04:32.410] item 0: is_hwnd_match=true, loc='изображения', file='d:\Users\Kobalt\Pictures\GeminiTranslator_icon.ai'
[19:04:32.410] Exact HWND match! Returning: d:\Users\Kobalt\Pictures\GeminiTranslator_icon.ai
[19:04:32.410] Worker thread got file: d:\Users\Kobalt\Pictures\GeminiTranslator_icon.ai
[19:04:32.426] window.show: Ok(()), set_focus: Ok(())
[19:04:35.647] hide_and_reset called
[19:04:35.656] Restored foreground focus to Explorer HWND: HWND(0x1e1410)
[19:04:37.620] Space key DOWN event intercepted!
[19:04:37.620] Peekit window state: visible=false, is_focused=false, fg_hwnd=HWND(0x1e1410)
[19:04:37.620] is_explorer_check: hwnd=HWND(0x1e1410), class='CabinetWClass'
[19:04:37.620] is_explorer_or_desktop_active = true
[19:04:37.620] focus_control: hwnd=HWND(0x1230a6), class='DirectUIHWND'
[19:04:37.621] is_user_typing_text = false
[19:04:37.623] get_selected: target_hwnd=HWND(0x1e1410), class='CabinetWClass', title='изображения — проводник', shell_windows_count=5
[19:04:37.625] item 0: is_hwnd_match=true, loc='изображения', file='d:\Users\Kobalt\Pictures\Новый проект (1).gif'
[19:04:37.625] Exact HWND match! Returning: d:\Users\Kobalt\Pictures\Новый проект (1).gif
[19:04:37.625] Worker thread got file: d:\Users\Kobalt\Pictures\Новый проект (1).gif
[19:04:37.642] window.show: Ok(()), set_focus: Ok(())
[19:04:39.103] hide_and_reset called
[19:04:39.110] Restored foreground focus to Explorer HWND: HWND(0x1e1410)
[19:04:40.181] Space key DOWN event intercepted!
[19:04:40.181] Peekit window state: visible=false, is_focused=false, fg_hwnd=HWND(0x1e1410)
[19:04:40.181] is_explorer_check: hwnd=HWND(0x1e1410), class='CabinetWClass'
[19:04:40.181] is_explorer_or_desktop_active = true
[19:04:40.181] focus_control: hwnd=HWND(0x1230a6), class='DirectUIHWND'
[19:04:40.181] is_user_typing_text = false
[19:04:40.184] get_selected: target_hwnd=HWND(0x1e1410), class='CabinetWClass', title='изображения — проводник', shell_windows_count=5
[19:04:40.186] item 0: is_hwnd_match=true, loc='изображения', file='d:\Users\Kobalt\Pictures\Новый проект (1) (1).gif'
[19:04:40.186] Exact HWND match! Returning: d:\Users\Kobalt\Pictures\Новый проект (1) (1).gif
[19:04:40.186] Worker thread got file: d:\Users\Kobalt\Pictures\Новый проект (1) (1).gif
[19:04:40.203] window.show: Ok(()), set_focus: Ok(())
[19:04:41.648] hide_and_reset called
[19:04:41.655] Restored foreground focus to Explorer HWND: HWND(0x1e1410)
[19:04:42.397] Space key DOWN event intercepted!
[19:04:42.397] Peekit window state: visible=false, is_focused=false, fg_hwnd=HWND(0x1e1410)
[19:04:42.397] is_explorer_check: hwnd=HWND(0x1e1410), class='CabinetWClass'
[19:04:42.397] is_explorer_or_desktop_active = true
[19:04:42.397] focus_control: hwnd=HWND(0x1230a6), class='DirectUIHWND'
[19:04:42.397] is_user_typing_text = false
[19:04:42.400] get_selected: target_hwnd=HWND(0x1e1410), class='CabinetWClass', title='изображения — проводник', shell_windows_count=5
[19:04:42.402] item 0: is_hwnd_match=true, loc='изображения', file='d:\Users\Kobalt\Pictures\hetzner-logo-26-1235028835.ico'
[19:04:42.402] Exact HWND match! Returning: d:\Users\Kobalt\Pictures\hetzner-logo-26-1235028835.ico
[19:04:42.402] Worker thread got file: d:\Users\Kobalt\Pictures\hetzner-logo-26-1235028835.ico
[19:04:42.418] window.show: Ok(()), set_focus: Ok(())
[19:04:43.191] hide_and_reset called
[19:04:43.197] Restored foreground focus to Explorer HWND: HWND(0x1e1410)
[19:04:43.973] Space key DOWN event intercepted!
[19:04:43.973] Peekit window state: visible=false, is_focused=false, fg_hwnd=HWND(0x1e1410)
[19:04:43.973] is_explorer_check: hwnd=HWND(0x1e1410), class='CabinetWClass'
[19:04:43.973] is_explorer_or_desktop_active = true
[19:04:43.973] focus_control: hwnd=HWND(0x1230a6), class='DirectUIHWND'
[19:04:43.973] is_user_typing_text = false
[19:04:43.976] get_selected: target_hwnd=HWND(0x1e1410), class='CabinetWClass', title='изображения — проводник', shell_windows_count=5
[19:04:43.977] item 0: is_hwnd_match=true, loc='изображения', file='d:\Users\Kobalt\Pictures\1763448494-1142609627.jpg'
[19:04:43.977] Exact HWND match! Returning: d:\Users\Kobalt\Pictures\1763448494-1142609627.jpg
[19:04:43.978] Worker thread got file: d:\Users\Kobalt\Pictures\1763448494-1142609627.jpg
[19:04:43.994] window.show: Ok(()), set_focus: Ok(())
[19:04:45.423] hide_and_reset called
[19:04:45.430] Restored foreground focus to Explorer HWND: HWND(0x1e1410)
[19:04:48.373] Space key DOWN event intercepted!
[19:04:48.374] Peekit window state: visible=false, is_focused=false, fg_hwnd=HWND(0x1e1410)
[19:04:48.374] is_explorer_check: hwnd=HWND(0x1e1410), class='CabinetWClass'
[19:04:48.374] is_explorer_or_desktop_active = true
[19:04:48.374] focus_control: hwnd=HWND(0x1230a6), class='DirectUIHWND'
[19:04:48.374] is_user_typing_text = false
[19:04:48.376] get_selected: target_hwnd=HWND(0x1e1410), class='CabinetWClass', title='изображения — проводник', shell_windows_count=5
[19:04:48.378] item 0: is_hwnd_match=true, loc='изображения', file='d:\Users\Kobalt\Pictures\avatar.jpg'
[19:04:48.378] Exact HWND match! Returning: d:\Users\Kobalt\Pictures\avatar.jpg
[19:04:48.378] Worker thread got file: d:\Users\Kobalt\Pictures\avatar.jpg
[19:04:48.394] window.show: Ok(()), set_focus: Ok(())
[19:04:58.625] hide_and_reset called
[19:04:58.632] Restored foreground focus to Explorer HWND: HWND(0x1e1410)
[19:04:59.991] Space key DOWN event intercepted!
[19:04:59.991] Peekit window state: visible=false, is_focused=false, fg_hwnd=HWND(0x1e1410)
[19:04:59.991] is_explorer_check: hwnd=HWND(0x1e1410), class='CabinetWClass'
[19:04:59.991] is_explorer_or_desktop_active = true
[19:04:59.991] focus_control: hwnd=HWND(0x1230a6), class='DirectUIHWND'
[19:04:59.991] is_user_typing_text = false
[19:04:59.993] get_selected: target_hwnd=HWND(0x1e1410), class='CabinetWClass', title='изображения — проводник', shell_windows_count=5
[19:04:59.996] item 0: is_hwnd_match=true, loc='изображения', file='d:\Users\Kobalt\Pictures\avatar.jpg'
[19:04:59.996] Exact HWND match! Returning: d:\Users\Kobalt\Pictures\avatar.jpg
[19:04:59.996] Worker thread got file: d:\Users\Kobalt\Pictures\avatar.jpg
[19:05:00.013] window.show: Ok(()), set_focus: Ok(())
[19:05:00.777] hide_and_reset called
[19:05:00.784] Restored foreground focus to Explorer HWND: HWND(0x1e1410)
[19:05:01.799] Space key DOWN event intercepted!
[19:05:01.799] Peekit window state: visible=false, is_focused=false, fg_hwnd=HWND(0x1e1410)
[19:05:01.799] is_explorer_check: hwnd=HWND(0x1e1410), class='CabinetWClass'
[19:05:01.799] is_explorer_or_desktop_active = true
[19:05:01.799] focus_control: hwnd=HWND(0x1230a6), class='DirectUIHWND'
[19:05:01.800] is_user_typing_text = false
[19:05:01.803] get_selected: target_hwnd=HWND(0x1e1410), class='CabinetWClass', title='изображения — проводник', shell_windows_count=5
[19:05:01.805] item 0: is_hwnd_match=true, loc='изображения', file='d:\Users\Kobalt\Pictures\avatar.jpg'
[19:05:01.805] Exact HWND match! Returning: d:\Users\Kobalt\Pictures\avatar.jpg
[19:05:01.805] Worker thread got file: d:\Users\Kobalt\Pictures\avatar.jpg
[19:05:01.821] window.show: Ok(()), set_focus: Ok(())
[19:05:02.353] hide_and_reset called
[19:05:02.362] Restored foreground focus to Explorer HWND: HWND(0x1e1410)
[19:05:04.639] Space key DOWN event intercepted!
[19:05:04.639] Peekit window state: visible=false, is_focused=false, fg_hwnd=HWND(0x1e1410)
[19:05:04.640] is_explorer_check: hwnd=HWND(0x1e1410), class='CabinetWClass'
[19:05:04.640] is_explorer_or_desktop_active = true
[19:05:04.640] focus_control: hwnd=HWND(0x1230a6), class='DirectUIHWND'
[19:05:04.640] is_user_typing_text = false
[19:05:04.643] get_selected: target_hwnd=HWND(0x1e1410), class='CabinetWClass', title='изображения — проводник', shell_windows_count=5
[19:05:04.645] item 0: is_hwnd_match=true, loc='изображения', file='d:\Users\Kobalt\Pictures\Alofs.jpg'
[19:05:04.645] Exact HWND match! Returning: d:\Users\Kobalt\Pictures\Alofs.jpg
[19:05:04.645] Worker thread got file: d:\Users\Kobalt\Pictures\Alofs.jpg
[19:05:04.663] window.show: Ok(()), set_focus: Ok(())
[19:05:06.626] hide_and_reset called
[19:05:06.633] Restored foreground focus to Explorer HWND: HWND(0x1e1410)
[19:05:07.831] Space key DOWN event intercepted!
[19:05:07.832] Peekit window state: visible=false, is_focused=false, fg_hwnd=HWND(0x1e1410)
[19:05:07.832] is_explorer_check: hwnd=HWND(0x1e1410), class='CabinetWClass'
[19:05:07.832] is_explorer_or_desktop_active = true
[19:05:07.832] focus_control: hwnd=HWND(0x1230a6), class='DirectUIHWND'
[19:05:07.832] is_user_typing_text = false
[19:05:07.834] get_selected: target_hwnd=HWND(0x1e1410), class='CabinetWClass', title='изображения — проводник', shell_windows_count=5
[19:05:07.836] item 0: is_hwnd_match=true, loc='изображения', file='d:\Users\Kobalt\Pictures\1763448494-1142609627.jpg'
[19:05:07.837] Exact HWND match! Returning: d:\Users\Kobalt\Pictures\1763448494-1142609627.jpg
[19:05:07.837] Worker thread got file: d:\Users\Kobalt\Pictures\1763448494-1142609627.jpg
[19:05:07.851] window.show: Ok(()), set_focus: Ok(())
[19:05:09.122] hide_and_reset called
[19:05:09.129] Restored foreground focus to Explorer HWND: HWND(0x1e1410)
[19:05:10.992] Space key DOWN event intercepted!
[19:05:10.992] Peekit window state: visible=false, is_focused=false, fg_hwnd=HWND(0x1e1410)
[19:05:10.992] is_explorer_check: hwnd=HWND(0x1e1410), class='CabinetWClass'
[19:05:10.992] is_explorer_or_desktop_active = true
[19:05:10.992] focus_control: hwnd=HWND(0x1230a6), class='DirectUIHWND'
[19:05:10.993] is_user_typing_text = false
[19:05:10.995] get_selected: target_hwnd=HWND(0x1e1410), class='CabinetWClass', title='изображения — проводник', shell_windows_count=5
[19:05:10.997] item 0: is_hwnd_match=true, loc='изображения', file='d:\Users\Kobalt\Pictures\4ba7b8f3-2b29-58c7-a513-66780ec4319c.jpg'
[19:05:10.997] Exact HWND match! Returning: d:\Users\Kobalt\Pictures\4ba7b8f3-2b29-58c7-a513-66780ec4319c.jpg
[19:05:10.997] Worker thread got file: d:\Users\Kobalt\Pictures\4ba7b8f3-2b29-58c7-a513-66780ec4319c.jpg
[19:05:11.014] window.show: Ok(()), set_focus: Ok(())
[19:05:12.619] hide_and_reset called
[19:05:12.627] Restored foreground focus to Explorer HWND: HWND(0x1e1410)
[19:05:13.384] Space key DOWN event intercepted!
[19:05:13.384] Peekit window state: visible=false, is_focused=false, fg_hwnd=HWND(0x1e1410)
[19:05:13.384] is_explorer_check: hwnd=HWND(0x1e1410), class='CabinetWClass'
[19:05:13.384] is_explorer_or_desktop_active = true
[19:05:13.385] focus_control: hwnd=HWND(0x1230a6), class='DirectUIHWND'
[19:05:13.385] is_user_typing_text = false
[19:05:13.387] get_selected: target_hwnd=HWND(0x1e1410), class='CabinetWClass', title='изображения — проводник', shell_windows_count=5
[19:05:13.389] item 0: is_hwnd_match=true, loc='изображения', file='d:\Users\Kobalt\Pictures\Новый проект (1).gif'
[19:05:13.389] Exact HWND match! Returning: d:\Users\Kobalt\Pictures\Новый проект (1).gif
[19:05:13.389] Worker thread got file: d:\Users\Kobalt\Pictures\Новый проект (1).gif
[19:05:13.407] window.show: Ok(()), set_focus: Ok(())
[19:05:15.003] hide_and_reset called
[19:05:15.013] Restored foreground focus to Explorer HWND: HWND(0x1e1410)
[19:05:15.864] Space key DOWN event intercepted!
[19:05:15.864] Peekit window state: visible=false, is_focused=false, fg_hwnd=HWND(0x1e1410)
[19:05:15.865] is_explorer_check: hwnd=HWND(0x1e1410), class='CabinetWClass'
[19:05:15.865] is_explorer_or_desktop_active = true
[19:05:15.865] focus_control: hwnd=HWND(0x1230a6), class='DirectUIHWND'
[19:05:15.865] is_user_typing_text = false
[19:05:15.868] get_selected: target_hwnd=HWND(0x1e1410), class='CabinetWClass', title='изображения — проводник', shell_windows_count=5
[19:05:15.872] item 0: is_hwnd_match=true, loc='изображения', file='d:\Users\Kobalt\Pictures\3x-ui-light.ico'
[19:05:15.872] Exact HWND match! Returning: d:\Users\Kobalt\Pictures\3x-ui-light.ico
[19:05:15.873] Worker thread got file: d:\Users\Kobalt\Pictures\3x-ui-light.ico
[19:05:15.892] window.show: Ok(()), set_focus: Ok(())
[19:05:16.515] hide_and_reset called
[19:05:16.522] Restored foreground focus to Explorer HWND: HWND(0x1e1410)
[19:05:22.097] Space key DOWN event intercepted!
[19:05:22.097] Peekit window state: visible=false, is_focused=false, fg_hwnd=HWND(0x1e1410)
[19:05:22.097] is_explorer_check: hwnd=HWND(0x1e1410), class='CabinetWClass'
[19:05:22.097] is_explorer_or_desktop_active = true
[19:05:22.097] focus_control: hwnd=HWND(0x1c306a), class='DirectUIHWND'
[19:05:22.097] is_user_typing_text = false
[19:05:22.135] get_selected: target_hwnd=HWND(0x1e1410), class='CabinetWClass', title='загрузки — проводник', shell_windows_count=5
[19:05:22.145] Space key UP event intercepted!
[19:05:22.149] item 0: is_hwnd_match=true, loc='загрузки', file='d:\Users\Kobalt\Downloads\Dumbbell_Plot_smoothed.html'
[19:05:22.149] Exact HWND match! Returning: d:\Users\Kobalt\Downloads\Dumbbell_Plot_smoothed.html
[19:05:22.150] Worker thread got file: d:\Users\Kobalt\Downloads\Dumbbell_Plot_smoothed.html
[19:05:22.171] window.show: Ok(()), set_focus: Ok(())
[19:05:23.068] hide_and_reset called
[19:05:23.077] Restored foreground focus to Explorer HWND: HWND(0x1e1410)
[19:05:23.713] Space key DOWN event intercepted!
[19:05:23.713] Peekit window state: visible=false, is_focused=false, fg_hwnd=HWND(0x1e1410)
[19:05:23.713] is_explorer_check: hwnd=HWND(0x1e1410), class='CabinetWClass'
[19:05:23.714] is_explorer_or_desktop_active = true
[19:05:23.714] focus_control: hwnd=HWND(0x1c306a), class='DirectUIHWND'
[19:05:23.714] is_user_typing_text = false
[19:05:23.716] get_selected: target_hwnd=HWND(0x1e1410), class='CabinetWClass', title='загрузки — проводник', shell_windows_count=5
[19:05:23.719] item 0: is_hwnd_match=true, loc='загрузки', file='d:\Users\Kobalt\Downloads\repomix-output-GAME-OVER-op-ZDT-D.xml'
[19:05:23.719] Exact HWND match! Returning: d:\Users\Kobalt\Downloads\repomix-output-GAME-OVER-op-ZDT-D.xml
[19:05:23.719] Worker thread got file: d:\Users\Kobalt\Downloads\repomix-output-GAME-OVER-op-ZDT-D.xml
[19:05:23.733] window.show: Ok(()), set_focus: Ok(())
[19:05:26.873] hide_and_reset called
[19:05:26.885] Restored foreground focus to Explorer HWND: HWND(0x1e1410)
[19:05:28.746] Space key DOWN event intercepted!
[19:05:28.746] Peekit window state: visible=false, is_focused=false, fg_hwnd=HWND(0x1e1410)
[19:05:28.746] is_explorer_check: hwnd=HWND(0x1e1410), class='CabinetWClass'
[19:05:28.746] is_explorer_or_desktop_active = true
[19:05:28.746] focus_control: hwnd=HWND(0x1c306a), class='DirectUIHWND'
[19:05:28.746] is_user_typing_text = false
[19:05:28.748] get_selected: target_hwnd=HWND(0x1e1410), class='CabinetWClass', title='загрузки — проводник', shell_windows_count=5
[19:05:28.750] item 0: is_hwnd_match=true, loc='загрузки', file='d:\Users\Kobalt\Downloads\repomix-output-kobaltgit-MyGemini.xml'
[19:05:28.750] Exact HWND match! Returning: d:\Users\Kobalt\Downloads\repomix-output-kobaltgit-MyGemini.xml
[19:05:28.751] Worker thread got file: d:\Users\Kobalt\Downloads\repomix-output-kobaltgit-MyGemini.xml
[19:05:28.767] window.show: Ok(()), set_focus: Ok(())
[19:05:29.774] hide_and_reset called
[19:05:29.781] Restored foreground focus to Explorer HWND: HWND(0x1e1410)
[19:05:32.362] Space key DOWN event intercepted!
[19:05:32.362] Peekit window state: visible=false, is_focused=false, fg_hwnd=HWND(0x1e1410)
[19:05:32.363] is_explorer_check: hwnd=HWND(0x1e1410), class='CabinetWClass'
[19:05:32.363] is_explorer_or_desktop_active = true
[19:05:32.363] focus_control: hwnd=HWND(0x1c306a), class='DirectUIHWND'
[19:05:32.363] is_user_typing_text = false
[19:05:32.365] get_selected: target_hwnd=HWND(0x1e1410), class='CabinetWClass', title='загрузки — проводник', shell_windows_count=5
[19:05:32.367] item 0: is_hwnd_match=true, loc='загрузки', file='d:\Users\Kobalt\Downloads\kotpanel.rbz'
[19:05:32.367] Exact HWND match! Returning: d:\Users\Kobalt\Downloads\kotpanel.rbz
[19:05:32.367] Worker thread got file: d:\Users\Kobalt\Downloads\kotpanel.rbz
[19:05:32.383] window.show: Ok(()), set_focus: Ok(())
[19:05:34.597] hide_and_reset called
[19:05:34.604] Restored foreground focus to Explorer HWND: HWND(0x1e1410)
[19:05:36.371] Space key DOWN event intercepted!
[19:05:36.371] Peekit window state: visible=false, is_focused=false, fg_hwnd=HWND(0x1e1410)
[19:05:36.371] is_explorer_check: hwnd=HWND(0x1e1410), class='CabinetWClass'
[19:05:36.371] is_explorer_or_desktop_active = true
[19:05:36.371] focus_control: hwnd=HWND(0x1c306a), class='DirectUIHWND'
[19:05:36.371] is_user_typing_text = false
[19:05:36.374] get_selected: target_hwnd=HWND(0x1e1410), class='CabinetWClass', title='загрузки — проводник', shell_windows_count=5
[19:05:36.376] item 0: is_hwnd_match=true, loc='загрузки', file='d:\Users\Kobalt\Downloads\dat_1678430976793.doc'
[19:05:36.376] Exact HWND match! Returning: d:\Users\Kobalt\Downloads\dat_1678430976793.doc
[19:05:36.376] Worker thread got file: d:\Users\Kobalt\Downloads\dat_1678430976793.doc
[19:05:36.393] window.show: Ok(()), set_focus: Ok(())
[19:05:37.614] hide_and_reset called
[19:05:37.620] Restored foreground focus to Explorer HWND: HWND(0x1e1410)
[19:05:39.876] Space key DOWN event intercepted!
[19:05:39.876] Peekit window state: visible=false, is_focused=false, fg_hwnd=HWND(0x1e1410)
[19:05:39.876] is_explorer_check: hwnd=HWND(0x1e1410), class='CabinetWClass'
[19:05:39.876] is_explorer_or_desktop_active = true
[19:05:39.876] focus_control: hwnd=HWND(0x1c306a), class='DirectUIHWND'
[19:05:39.876] is_user_typing_text = false
[19:05:39.883] get_selected: target_hwnd=HWND(0x1e1410), class='CabinetWClass', title='загрузки — проводник', shell_windows_count=5
[19:05:39.898] item 0: is_hwnd_match=true, loc='загрузки', file='d:\Users\Kobalt\Downloads\chat_dialog_fixed.py'
[19:05:39.899] Exact HWND match! Returning: d:\Users\Kobalt\Downloads\chat_dialog_fixed.py
[19:05:39.899] Worker thread got file: d:\Users\Kobalt\Downloads\chat_dialog_fixed.py
[19:05:39.924] window.show: Ok(()), set_focus: Ok(())
[19:05:42.079] hide_and_reset called
[19:05:42.086] Restored foreground focus to Explorer HWND: HWND(0x1e1410)
[19:05:49.348] Space key DOWN event intercepted!
[19:05:49.348] Peekit window state: visible=false, is_focused=false, fg_hwnd=HWND(0x1e1410)
[19:05:49.348] is_explorer_check: hwnd=HWND(0x1e1410), class='CabinetWClass'
[19:05:49.348] is_explorer_or_desktop_active = true
[19:05:49.349] focus_control: hwnd=HWND(0x1c306a), class='DirectUIHWND'
[19:05:49.349] is_user_typing_text = false
[19:05:49.352] get_selected: target_hwnd=HWND(0x1e1410), class='CabinetWClass', title='загрузки — проводник', shell_windows_count=5
[19:05:49.354] item 0: is_hwnd_match=true, loc='загрузки', file='d:\Users\Kobalt\Downloads\HumanizeAI_Pro_Setup.exe'
[19:05:49.354] Exact HWND match! Returning: d:\Users\Kobalt\Downloads\HumanizeAI_Pro_Setup.exe
[19:05:49.355] Worker thread got file: d:\Users\Kobalt\Downloads\HumanizeAI_Pro_Setup.exe
[19:05:49.371] window.show: Ok(()), set_focus: Ok(())
[19:05:50.279] hide_and_reset called
[19:05:50.286] Restored foreground focus to Explorer HWND: HWND(0x1e1410)
[19:05:51.484] Space key DOWN event intercepted!
[19:05:51.484] Peekit window state: visible=false, is_focused=false, fg_hwnd=HWND(0x1e1410)
[19:05:51.485] is_explorer_check: hwnd=HWND(0x1e1410), class='CabinetWClass'
[19:05:51.485] is_explorer_or_desktop_active = true
[19:05:51.485] focus_control: hwnd=HWND(0x1c306a), class='DirectUIHWND'
[19:05:51.485] is_user_typing_text = false
[19:05:51.487] get_selected: target_hwnd=HWND(0x1e1410), class='CabinetWClass', title='загрузки — проводник', shell_windows_count=5
[19:05:51.490] item 0: is_hwnd_match=true, loc='загрузки', file='d:\Users\Kobalt\Downloads\Install Termius.exe'
[19:05:51.490] Exact HWND match! Returning: d:\Users\Kobalt\Downloads\Install Termius.exe
[19:05:51.491] Worker thread got file: d:\Users\Kobalt\Downloads\Install Termius.exe
[19:05:51.506] window.show: Ok(()), set_focus: Ok(())
[19:05:52.199] hide_and_reset called
[19:05:52.206] Restored foreground focus to Explorer HWND: HWND(0x1e1410)
[19:06:13.319] Space key DOWN event intercepted!
[19:06:13.319] Peekit window state: visible=false, is_focused=false, fg_hwnd=HWND(0x1b2734)
[19:06:13.319] is_explorer_check: hwnd=HWND(0x1b2734), class='Chrome_WidgetWin_1'
[19:06:13.319] process_check: pid=30460, path='C:\Users\Kobalt\AppData\Local\Programs\Antigravity IDE\Antigravity IDE.exe', is_exp=false
[19:06:13.319] is_explorer_or_desktop_active = false
[19:06:13.383] Space key UP event intercepted!
[19:06:14.559] Space key DOWN event intercepted!
[19:06:14.559] Peekit window state: visible=false, is_focused=false, fg_hwnd=HWND(0x1b2734)
[19:06:14.559] is_explorer_check: hwnd=HWND(0x1b2734), class='Chrome_WidgetWin_1'
[19:06:14.559] process_check: pid=30460, path='C:\Users\Kobalt\AppData\Local\Programs\Antigravity IDE\Antigravity IDE.exe', is_exp=false
[19:06:14.559] is_explorer_or_desktop_active = false
[19:06:14.671] Space key UP event intercepted!
[19:06:17.215] Space key DOWN event intercepted!
[19:06:17.215] Peekit window state: visible=false, is_focused=false, fg_hwnd=HWND(0x1b2734)
[19:06:17.215] is_explorer_check: hwnd=HWND(0x1b2734), class='Chrome_WidgetWin_1'
[19:06:17.215] process_check: pid=30460, path='C:\Users\Kobalt\AppData\Local\Programs\Antigravity IDE\Antigravity IDE.exe', is_exp=false
[19:06:17.216] is_explorer_or_desktop_active = false
[19:06:17.327] Space key UP event intercepted!
[19:06:21.496] Space key DOWN event intercepted!
[19:06:21.496] Peekit window state: visible=false, is_focused=false, fg_hwnd=HWND(0x1b2734)
[19:06:21.496] is_explorer_check: hwnd=HWND(0x1b2734), class='Chrome_WidgetWin_1'
[19:06:21.496] process_check: pid=30460, path='C:\Users\Kobalt\AppData\Local\Programs\Antigravity IDE\Antigravity IDE.exe', is_exp=false
[19:06:21.496] is_explorer_or_desktop_active = false
[19:06:21.608] Space key UP event intercepted!
[19:06:23.648] Space key DOWN event intercepted!
[19:06:23.648] Peekit window state: visible=false, is_focused=false, fg_hwnd=HWND(0x1b2734)
[19:06:23.648] is_explorer_check: hwnd=HWND(0x1b2734), class='Chrome_WidgetWin_1'
[19:06:23.648] process_check: pid=30460, path='C:\Users\Kobalt\AppData\Local\Programs\Antigravity IDE\Antigravity IDE.exe', is_exp=false
[19:06:23.649] is_explorer_or_desktop_active = false
[19:06:23.760] Space key UP event intercepted!
[19:06:25.504] Space key DOWN event intercepted!
[19:06:25.504] Peekit window state: visible=false, is_focused=false, fg_hwnd=HWND(0x1b2734)
[19:06:25.504] is_explorer_check: hwnd=HWND(0x1b2734), class='Chrome_WidgetWin_1'
[19:06:25.504] process_check: pid=30460, path='C:\Users\Kobalt\AppData\Local\Programs\Antigravity IDE\Antigravity IDE.exe', is_exp=false
[19:06:25.504] is_explorer_or_desktop_active = false
[19:06:25.616] Space key UP event intercepted!
[19:06:27.857] Space key DOWN event intercepted!
[19:06:27.857] Peekit window state: visible=false, is_focused=false, fg_hwnd=HWND(0x1b2734)
[19:06:27.857] is_explorer_check: hwnd=HWND(0x1b2734), class='Chrome_WidgetWin_1'
[19:06:27.857] process_check: pid=30460, path='C:\Users\Kobalt\AppData\Local\Programs\Antigravity IDE\Antigravity IDE.exe', is_exp=false
[19:06:27.857] is_explorer_or_desktop_active = false
[19:06:27.952] Space key UP event intercepted!
[19:06:29.160] Space key DOWN event intercepted!
[19:06:29.161] Peekit window state: visible=false, is_focused=false, fg_hwnd=HWND(0x1b2734)
[19:06:29.161] is_explorer_check: hwnd=HWND(0x1b2734), class='Chrome_WidgetWin_1'
[19:06:29.161] process_check: pid=30460, path='C:\Users\Kobalt\AppData\Local\Programs\Antigravity IDE\Antigravity IDE.exe', is_exp=false
[19:06:29.161] is_explorer_or_desktop_active = false
[19:06:29.288] Space key UP event intercepted!
[19:06:30.545] Space key DOWN event intercepted!
[19:06:30.545] Peekit window state: visible=false, is_focused=false, fg_hwnd=HWND(0x1b2734)
[19:06:30.545] is_explorer_check: hwnd=HWND(0x1b2734), class='Chrome_WidgetWin_1'
[19:06:30.545] process_check: pid=30460, path='C:\Users\Kobalt\AppData\Local\Programs\Antigravity IDE\Antigravity IDE.exe', is_exp=false
[19:06:30.545] is_explorer_or_desktop_active = false
[19:06:30.641] Space key UP event intercepted!
[19:06:31.817] Space key DOWN event intercepted!
[19:06:31.817] Peekit window state: visible=false, is_focused=false, fg_hwnd=HWND(0x1b2734)
[19:06:31.817] is_explorer_check: hwnd=HWND(0x1b2734), class='Chrome_WidgetWin_1'
[19:06:31.817] process_check: pid=30460, path='C:\Users\Kobalt\AppData\Local\Programs\Antigravity IDE\Antigravity IDE.exe', is_exp=false
[19:06:31.817] is_explorer_or_desktop_active = false
[19:06:31.929] Space key UP event intercepted!
[19:06:36.521] Space key DOWN event intercepted!
[19:06:36.521] Peekit window state: visible=false, is_focused=false, fg_hwnd=HWND(0x1b2734)
[19:06:36.521] is_explorer_check: hwnd=HWND(0x1b2734), class='Chrome_WidgetWin_1'
[19:06:36.522] process_check: pid=30460, path='C:\Users\Kobalt\AppData\Local\Programs\Antigravity IDE\Antigravity IDE.exe', is_exp=false
[19:06:36.522] is_explorer_or_desktop_active = false
[19:06:36.585] Space key UP event intercepted!
[19:06:42.786] Space key DOWN event intercepted!
[19:06:42.786] Peekit window state: visible=false, is_focused=false, fg_hwnd=HWND(0x1b2734)
[19:06:42.786] is_explorer_check: hwnd=HWND(0x1b2734), class='Chrome_WidgetWin_1'
[19:06:42.786] process_check: pid=30460, path='C:\Users\Kobalt\AppData\Local\Programs\Antigravity IDE\Antigravity IDE.exe', is_exp=false
[19:06:42.787] is_explorer_or_desktop_active = false
[19:06:42.850] Space key UP event intercepted!
[19:06:46.154] Space key DOWN event intercepted!
[19:06:46.154] Peekit window state: visible=false, is_focused=false, fg_hwnd=HWND(0x1b2734)
[19:06:46.154] is_explorer_check: hwnd=HWND(0x1b2734), class='Chrome_WidgetWin_1'
[19:06:46.155] process_check: pid=30460, path='C:\Users\Kobalt\AppData\Local\Programs\Antigravity IDE\Antigravity IDE.exe', is_exp=false
[19:06:46.155] is_explorer_or_desktop_active = false
[19:06:46.266] Space key UP event intercepted!
[19:06:48.963] Space key DOWN event intercepted!
[19:06:48.963] Peekit window state: visible=false, is_focused=false, fg_hwnd=HWND(0x1b2734)
[19:06:48.963] is_explorer_check: hwnd=HWND(0x1b2734), class='Chrome_WidgetWin_1'
[19:06:48.963] process_check: pid=30460, path='C:\Users\Kobalt\AppData\Local\Programs\Antigravity IDE\Antigravity IDE.exe', is_exp=false
[19:06:48.963] is_explorer_or_desktop_active = false
[19:06:49.059] Space key UP event intercepted!
[19:06:53.363] Space key DOWN event intercepted!
[19:06:53.363] Peekit window state: visible=false, is_focused=false, fg_hwnd=HWND(0x1b2734)
[19:06:53.363] is_explorer_check: hwnd=HWND(0x1b2734), class='Chrome_WidgetWin_1'
[19:06:53.363] process_check: pid=30460, path='C:\Users\Kobalt\AppData\Local\Programs\Antigravity IDE\Antigravity IDE.exe', is_exp=false
[19:06:53.363] is_explorer_or_desktop_active = false
[19:06:53.459] Space key UP event intercepted!
[19:06:54.483] Space key DOWN event intercepted!
[19:06:54.483] Peekit window state: visible=false, is_focused=false, fg_hwnd=HWND(0x1b2734)
[19:06:54.483] is_explorer_check: hwnd=HWND(0x1b2734), class='Chrome_WidgetWin_1'
[19:06:54.484] process_check: pid=30460, path='C:\Users\Kobalt\AppData\Local\Programs\Antigravity IDE\Antigravity IDE.exe', is_exp=false
[19:06:54.484] is_explorer_or_desktop_active = false
[19:06:54.563] Space key UP event intercepted!
[19:06:56.852] Space key DOWN event intercepted!
[19:06:56.852] Peekit window state: visible=false, is_focused=false, fg_hwnd=HWND(0x1b2734)
[19:06:56.852] is_explorer_check: hwnd=HWND(0x1b2734), class='Chrome_WidgetWin_1'
[19:06:56.853] process_check: pid=30460, path='C:\Users\Kobalt\AppData\Local\Programs\Antigravity IDE\Antigravity IDE.exe', is_exp=false
[19:06:56.853] is_explorer_or_desktop_active = false
[19:06:56.963] Space key UP event intercepted!
[19:07:10.593] Settings menu clicked
[19:07:29.514] hide_and_reset called
[19:07:29.528] Restored foreground focus to Explorer HWND: HWND(0x1e1410)
[19:10:54.697] setup starting
[19:10:54.705] Tray created: id=TrayIconId("main_tray")
[19:10:54.705] start_hook (main thread): successfully installed hook_id=HHOOK(0xcf12c9)
[19:10:54.705] setup completed successfully
[19:11:24.009] Escape key DOWN event intercepted!
[19:11:25.113] Escape key DOWN event intercepted!
[19:11:29.841] Space key DOWN event intercepted!
[19:11:29.842] Peekit window state: visible=false, is_focused=false, fg_hwnd=HWND(0x2804ca)
[19:11:29.842] is_explorer_check: hwnd=HWND(0x2804ca), class='CabinetWClass'
[19:11:29.842] is_explorer_or_desktop_active = true
[19:11:29.842] focus_control: hwnd=HWND(0x32ea0), class='DirectUIHWND'
[19:11:29.842] is_user_typing_text = false
[19:11:29.847] get_selected: target_hwnd=HWND(0x2804ca), class='CabinetWClass', title='output — проводник', shell_windows_count=5
[19:11:29.854] item 0: is_hwnd_match=false, loc='загрузки', file='d:\Users\Kobalt\Downloads\Install Termius.exe'
[19:11:29.861] item 1: is_hwnd_match=false, loc='minibin', file='d:\Users\Kobalt\Downloads\MiniBin\eye-sharp.svg'
[19:11:29.864] item 3: is_hwnd_match=true, loc='output', file='D:\Projects\active\QuickLook\output\Peekit_1.0.0_x64_en-US.msi'
[19:11:29.864] Exact HWND match! Returning: D:\Projects\active\QuickLook\output\Peekit_1.0.0_x64_en-US.msi
[19:11:29.865] Worker thread got file: D:\Projects\active\QuickLook\output\Peekit_1.0.0_x64_en-US.msi
[19:11:29.880] window.show: Ok(()), set_focus: Ok(())
[19:11:31.477] hide_and_reset called
[19:11:31.485] Restored foreground focus to Explorer HWND: HWND(0x2804ca)
[19:11:38.283] Space key DOWN event intercepted!
[19:11:38.283] Peekit window state: visible=false, is_focused=false, fg_hwnd=HWND(0x2804ca)
[19:11:38.283] is_explorer_check: hwnd=HWND(0x2804ca), class='CabinetWClass'
[19:11:38.283] is_explorer_or_desktop_active = true
[19:11:38.283] focus_control: hwnd=HWND(0x32ea0), class='DirectUIHWND'
[19:11:38.283] is_user_typing_text = false
[19:11:38.286] get_selected: target_hwnd=HWND(0x2804ca), class='CabinetWClass', title='output — проводник', shell_windows_count=5
[19:11:38.288] item 0: is_hwnd_match=false, loc='загрузки', file='d:\Users\Kobalt\Downloads\Install Termius.exe'
[19:11:38.290] item 1: is_hwnd_match=false, loc='minibin', file='d:\Users\Kobalt\Downloads\MiniBin\eye-sharp.svg'
[19:11:38.292] item 3: is_hwnd_match=true, loc='output', file='D:\Projects\active\QuickLook\output\Peekit_1.0.0_x64-setup.exe'
[19:11:38.292] Exact HWND match! Returning: D:\Projects\active\QuickLook\output\Peekit_1.0.0_x64-setup.exe
[19:11:38.293] Worker thread got file: D:\Projects\active\QuickLook\output\Peekit_1.0.0_x64-setup.exe
[19:11:38.308] window.show: Ok(()), set_focus: Ok(())
[19:11:44.398] hide_and_reset called
[19:11:44.406] Restored foreground focus to Explorer HWND: HWND(0x2804ca)
[19:11:44.475] Space key UP event intercepted!
[19:11:46.492] Space key DOWN event intercepted!
[19:11:46.492] Peekit window state: visible=false, is_focused=false, fg_hwnd=HWND(0x2804ca)
[19:11:46.492] is_explorer_check: hwnd=HWND(0x2804ca), class='CabinetWClass'
[19:11:46.492] is_explorer_or_desktop_active = true
[19:11:46.492] focus_control: hwnd=HWND(0x32ea0), class='DirectUIHWND'
[19:11:46.492] is_user_typing_text = false
[19:11:46.495] get_selected: target_hwnd=HWND(0x2804ca), class='CabinetWClass', title='output — проводник', shell_windows_count=5
[19:11:46.497] item 0: is_hwnd_match=false, loc='загрузки', file='d:\Users\Kobalt\Downloads\Install Termius.exe'
[19:11:46.498] item 1: is_hwnd_match=false, loc='minibin', file='d:\Users\Kobalt\Downloads\MiniBin\eye-sharp.svg'
[19:11:46.501] item 3: is_hwnd_match=true, loc='output', file='D:\Projects\active\QuickLook\output\peekit_debug.log'
[19:11:46.501] Exact HWND match! Returning: D:\Projects\active\QuickLook\output\peekit_debug.log
[19:11:46.501] Worker thread got file: D:\Projects\active\QuickLook\output\peekit_debug.log
[19:11:46.518] window.show: Ok(()), set_focus: Ok(())
[19:11:50.295] hide_and_reset called
[19:11:50.302] Restored foreground focus to Explorer HWND: HWND(0x2804ca)
[19:11:50.372] Space key UP event intercepted!
[19:11:51.692] Space key DOWN event intercepted!
[19:11:51.692] Peekit window state: visible=false, is_focused=false, fg_hwnd=HWND(0x2804ca)
[19:11:51.692] is_explorer_check: hwnd=HWND(0x2804ca), class='CabinetWClass'
[19:11:51.692] is_explorer_or_desktop_active = true
[19:11:51.692] focus_control: hwnd=HWND(0x32ea0), class='DirectUIHWND'
[19:11:51.692] is_user_typing_text = false
[19:11:51.695] get_selected: target_hwnd=HWND(0x2804ca), class='CabinetWClass', title='output — проводник', shell_windows_count=5
[19:11:51.697] item 0: is_hwnd_match=false, loc='загрузки', file='d:\Users\Kobalt\Downloads\Install Termius.exe'
[19:11:51.698] item 1: is_hwnd_match=false, loc='minibin', file='d:\Users\Kobalt\Downloads\MiniBin\eye-sharp.svg'
[19:11:51.701] item 3: is_hwnd_match=true, loc='output', file='D:\Projects\active\QuickLook\output\Peekit_v1.0.0_Portable.zip'
[19:11:51.701] Exact HWND match! Returning: D:\Projects\active\QuickLook\output\Peekit_v1.0.0_Portable.zip
[19:11:51.701] Worker thread got file: D:\Projects\active\QuickLook\output\Peekit_v1.0.0_Portable.zip
[19:11:51.716] window.show: Ok(()), set_focus: Ok(())
[19:11:53.183] hide_and_reset called
[19:11:53.190] Restored foreground focus to Explorer HWND: HWND(0x2804ca)
[19:11:53.260] Space key UP event intercepted!
[19:11:54.284] Space key DOWN event intercepted!
[19:11:54.284] Peekit window state: visible=false, is_focused=false, fg_hwnd=HWND(0x2804ca)
[19:11:54.284] is_explorer_check: hwnd=HWND(0x2804ca), class='CabinetWClass'
[19:11:54.285] is_explorer_or_desktop_active = true
[19:11:54.285] focus_control: hwnd=HWND(0x32ea0), class='DirectUIHWND'
[19:11:54.285] is_user_typing_text = false
[19:11:54.294] get_selected: target_hwnd=HWND(0x2804ca), class='CabinetWClass', title='output — проводник', shell_windows_count=5
[19:11:54.296] item 0: is_hwnd_match=false, loc='загрузки', file='d:\Users\Kobalt\Downloads\Install Termius.exe'
[19:11:54.297] item 1: is_hwnd_match=false, loc='minibin', file='d:\Users\Kobalt\Downloads\MiniBin\eye-sharp.svg'
[19:11:54.300] item 3: is_hwnd_match=true, loc='output', file='D:\Projects\active\QuickLook\output\portable.txt'
[19:11:54.300] Exact HWND match! Returning: D:\Projects\active\QuickLook\output\portable.txt
[19:11:54.301] Worker thread got file: D:\Projects\active\QuickLook\output\portable.txt
[19:11:54.333] window.show: Ok(()), set_focus: Ok(())
[19:11:57.127] hide_and_reset called
[19:11:57.136] Restored foreground focus to Explorer HWND: HWND(0x2804ca)
[19:11:57.189] Space key UP event intercepted!
[19:12:01.293] Space key DOWN event intercepted!
[19:12:01.293] Peekit window state: visible=false, is_focused=false, fg_hwnd=HWND(0x1b2734)
[19:12:01.293] is_explorer_check: hwnd=HWND(0x1b2734), class='Chrome_WidgetWin_1'
[19:12:01.293] process_check: pid=30460, path='C:\Users\Kobalt\AppData\Local\Programs\Antigravity IDE\Antigravity IDE.exe', is_exp=false
[19:12:01.293] is_explorer_or_desktop_active = false
[19:12:01.405] Space key UP event intercepted!
[19:12:03.557] Space key DOWN event intercepted!
[19:12:03.557] Peekit window state: visible=false, is_focused=false, fg_hwnd=HWND(0x1b2734)
[19:12:03.557] is_explorer_check: hwnd=HWND(0x1b2734), class='Chrome_WidgetWin_1'
[19:12:03.558] process_check: pid=30460, path='C:\Users\Kobalt\AppData\Local\Programs\Antigravity IDE\Antigravity IDE.exe', is_exp=false
[19:12:03.558] is_explorer_or_desktop_active = false
[19:12:03.669] Space key UP event intercepted!
[19:12:04.685] Space key DOWN event intercepted!
[19:12:04.686] Peekit window state: visible=false, is_focused=false, fg_hwnd=HWND(0x1b2734)
[19:12:04.686] is_explorer_check: hwnd=HWND(0x1b2734), class='Chrome_WidgetWin_1'
[19:12:04.686] process_check: pid=30460, path='C:\Users\Kobalt\AppData\Local\Programs\Antigravity IDE\Antigravity IDE.exe', is_exp=false
[19:12:04.686] is_explorer_or_desktop_active = false
[19:12:04.797] Space key UP event intercepted!
[19:12:06.622] Space key DOWN event intercepted!
[19:12:06.622] Peekit window state: visible=false, is_focused=false, fg_hwnd=HWND(0x1b2734)
[19:12:06.622] is_explorer_check: hwnd=HWND(0x1b2734), class='Chrome_WidgetWin_1'
[19:12:06.622] process_check: pid=30460, path='C:\Users\Kobalt\AppData\Local\Programs\Antigravity IDE\Antigravity IDE.exe', is_exp=false
[19:12:06.622] is_explorer_or_desktop_active = false
[19:12:06.702] Space key UP event intercepted!
[19:12:09.342] Space key DOWN event intercepted!
[19:12:09.342] Peekit window state: visible=false, is_focused=false, fg_hwnd=HWND(0x1b2734)
[19:12:09.342] is_explorer_check: hwnd=HWND(0x1b2734), class='Chrome_WidgetWin_1'
[19:12:09.342] process_check: pid=30460, path='C:\Users\Kobalt\AppData\Local\Programs\Antigravity IDE\Antigravity IDE.exe', is_exp=false
[19:12:09.342] is_explorer_or_desktop_active = false
[19:12:09.422] Space key UP event intercepted!
[19:12:12.310] Space key DOWN event intercepted!
[19:12:12.310] Peekit window state: visible=false, is_focused=false, fg_hwnd=HWND(0x1b2734)
[19:12:12.310] is_explorer_check: hwnd=HWND(0x1b2734), class='Chrome_WidgetWin_1'
[19:12:12.311] process_check: pid=30460, path='C:\Users\Kobalt\AppData\Local\Programs\Antigravity IDE\Antigravity IDE.exe', is_exp=false
[19:12:12.311] is_explorer_or_desktop_active = false
[19:12:12.406] Space key UP event intercepted!
[19:12:16.935] Space key DOWN event intercepted!
[19:12:16.935] Peekit window state: visible=false, is_focused=false, fg_hwnd=HWND(0x1b2734)
[19:12:16.935] is_explorer_check: hwnd=HWND(0x1b2734), class='Chrome_WidgetWin_1'
[19:12:16.935] process_check: pid=30460, path='C:\Users\Kobalt\AppData\Local\Programs\Antigravity IDE\Antigravity IDE.exe', is_exp=false
[19:12:16.935] is_explorer_or_desktop_active = false
[19:12:16.999] Space key UP event intercepted!
[19:12:21.111] Space key DOWN event intercepted!
[19:12:21.111] Peekit window state: visible=false, is_focused=false, fg_hwnd=HWND(0x1b2734)
[19:12:21.111] is_explorer_check: hwnd=HWND(0x1b2734), class='Chrome_WidgetWin_1'
[19:12:21.111] process_check: pid=30460, path='C:\Users\Kobalt\AppData\Local\Programs\Antigravity IDE\Antigravity IDE.exe', is_exp=false
[19:12:21.112] is_explorer_or_desktop_active = false
[19:12:21.207] Space key UP event intercepted!
[19:12:22.367] Space key DOWN event intercepted!
[19:12:22.368] Peekit window state: visible=false, is_focused=false, fg_hwnd=HWND(0x1b2734)
[19:12:22.368] is_explorer_check: hwnd=HWND(0x1b2734), class='Chrome_WidgetWin_1'
[19:12:22.368] process_check: pid=30460, path='C:\Users\Kobalt\AppData\Local\Programs\Antigravity IDE\Antigravity IDE.exe', is_exp=false
[19:12:22.368] is_explorer_or_desktop_active = false
[19:12:22.463] Space key UP event intercepted!
[19:12:29.368] Space key DOWN event intercepted!
[19:12:29.368] Peekit window state: visible=false, is_focused=false, fg_hwnd=HWND(0x1b2734)
[19:12:29.368] is_explorer_check: hwnd=HWND(0x1b2734), class='Chrome_WidgetWin_1'
[19:12:29.369] process_check: pid=30460, path='C:\Users\Kobalt\AppData\Local\Programs\Antigravity IDE\Antigravity IDE.exe', is_exp=false
[19:12:29.369] is_explorer_or_desktop_active = false
[19:12:29.464] Space key UP event intercepted!
[19:12:30.168] Space key DOWN event intercepted!
[19:12:30.168] Peekit window state: visible=false, is_focused=false, fg_hwnd=HWND(0x1b2734)
[19:12:30.168] is_explorer_check: hwnd=HWND(0x1b2734), class='Chrome_WidgetWin_1'
[19:12:30.169] process_check: pid=30460, path='C:\Users\Kobalt\AppData\Local\Programs\Antigravity IDE\Antigravity IDE.exe', is_exp=false
[19:12:30.169] is_explorer_or_desktop_active = false
[19:12:30.264] Space key UP event intercepted!
[19:12:30.888] Space key DOWN event intercepted!
[19:12:30.889] Peekit window state: visible=false, is_focused=false, fg_hwnd=HWND(0x1b2734)
[19:12:30.889] is_explorer_check: hwnd=HWND(0x1b2734), class='Chrome_WidgetWin_1'
[19:12:30.889] process_check: pid=30460, path='C:\Users\Kobalt\AppData\Local\Programs\Antigravity IDE\Antigravity IDE.exe', is_exp=false
[19:12:30.889] is_explorer_or_desktop_active = false
[19:12:30.952] Space key UP event intercepted!
[19:13:15.285] Space key DOWN event intercepted!
[19:13:15.285] Peekit window state: visible=false, is_focused=false, fg_hwnd=HWND(0x1b2734)
[19:13:15.285] is_explorer_check: hwnd=HWND(0x1b2734), class='Chrome_WidgetWin_1'
[19:13:15.285] process_check: pid=30460, path='C:\Users\Kobalt\AppData\Local\Programs\Antigravity IDE\Antigravity IDE.exe', is_exp=false
[19:13:15.286] is_explorer_or_desktop_active = false
[19:13:15.397] Space key UP event intercepted!
[19:13:16.341] Space key DOWN event intercepted!
[19:13:16.341] Peekit window state: visible=false, is_focused=false, fg_hwnd=HWND(0x1b2734)
[19:13:16.341] is_explorer_check: hwnd=HWND(0x1b2734), class='Chrome_WidgetWin_1'
[19:13:16.342] process_check: pid=30460, path='C:\Users\Kobalt\AppData\Local\Programs\Antigravity IDE\Antigravity IDE.exe', is_exp=false
[19:13:16.342] is_explorer_or_desktop_active = false
[19:13:16.453] Space key UP event intercepted!
[19:13:21.574] Space key DOWN event intercepted!
[19:13:21.574] Peekit window state: visible=false, is_focused=false, fg_hwnd=HWND(0x1b2734)
[19:13:21.574] is_explorer_check: hwnd=HWND(0x1b2734), class='Chrome_WidgetWin_1'
[19:13:21.574] process_check: pid=30460, path='C:\Users\Kobalt\AppData\Local\Programs\Antigravity IDE\Antigravity IDE.exe', is_exp=false
[19:13:21.574] is_explorer_or_desktop_active = false
[19:13:21.686] Space key UP event intercepted!
[19:13:22.198] Space key DOWN event intercepted!
[19:13:22.198] Peekit window state: visible=false, is_focused=false, fg_hwnd=HWND(0x1b2734)
[19:13:22.198] is_explorer_check: hwnd=HWND(0x1b2734), class='Chrome_WidgetWin_1'
[19:13:22.198] process_check: pid=30460, path='C:\Users\Kobalt\AppData\Local\Programs\Antigravity IDE\Antigravity IDE.exe', is_exp=false
[19:13:22.198] is_explorer_or_desktop_active = false
[19:13:22.278] Space key UP event intercepted!
[19:13:24.166] Space key DOWN event intercepted!
[19:13:24.166] Peekit window state: visible=false, is_focused=false, fg_hwnd=HWND(0x1b2734)
[19:13:24.166] is_explorer_check: hwnd=HWND(0x1b2734), class='Chrome_WidgetWin_1'
[19:13:24.167] process_check: pid=30460, path='C:\Users\Kobalt\AppData\Local\Programs\Antigravity IDE\Antigravity IDE.exe', is_exp=false
[19:13:24.167] is_explorer_or_desktop_active = false
[19:13:24.246] Space key UP event intercepted!
[19:13:26.678] Space key DOWN event intercepted!
[19:13:26.679] Peekit window state: visible=false, is_focused=false, fg_hwnd=HWND(0x1b2734)
[19:13:26.679] is_explorer_check: hwnd=HWND(0x1b2734), class='Chrome_WidgetWin_1'
[19:13:26.679] process_check: pid=30460, path='C:\Users\Kobalt\AppData\Local\Programs\Antigravity IDE\Antigravity IDE.exe', is_exp=false
[19:13:26.679] is_explorer_or_desktop_active = false
[19:13:26.758] Space key UP event intercepted!
[19:13:36.391] Space key DOWN event intercepted!
[19:13:36.392] Peekit window state: visible=false, is_focused=false, fg_hwnd=HWND(0x1b2734)
[19:13:36.392] is_explorer_check: hwnd=HWND(0x1b2734), class='Chrome_WidgetWin_1'
[19:13:36.392] process_check: pid=30460, path='C:\Users\Kobalt\AppData\Local\Programs\Antigravity IDE\Antigravity IDE.exe', is_exp=false
[19:13:36.392] is_explorer_or_desktop_active = false
[19:13:36.551] Space key UP event intercepted!
[19:13:39.000] Space key DOWN event intercepted!
[19:13:39.000] Peekit window state: visible=false, is_focused=false, fg_hwnd=HWND(0x1b2734)
[19:13:39.000] is_explorer_check: hwnd=HWND(0x1b2734), class='Chrome_WidgetWin_1'
[19:13:39.000] process_check: pid=30460, path='C:\Users\Kobalt\AppData\Local\Programs\Antigravity IDE\Antigravity IDE.exe', is_exp=false
[19:13:39.000] is_explorer_or_desktop_active = false
[19:13:39.128] Space key UP event intercepted!
[19:15:48.157] setup starting
[19:15:48.159] Tray created: id=TrayIconId("main_tray")
[19:15:48.159] start_hook (main thread): successfully installed hook_id=HHOOK(0xd50287)
[19:15:48.159] setup completed successfully
[19:16:11.555] setup starting
[19:16:11.556] Tray created: id=TrayIconId("main_tray")
[19:16:11.556] start_hook (main thread): successfully installed hook_id=HHOOK(0x2bd29e9)
[19:16:11.556] setup completed successfully
[19:16:52.815] setup starting
[19:16:52.823] Tray created: id=TrayIconId("main_tray")
[19:16:52.823] start_hook (main thread): successfully installed hook_id=HHOOK(0xe30cf)
[19:16:52.823] setup completed successfully
[19:16:58.054] Space key DOWN event intercepted!
[19:16:58.054] Peekit window state: visible=false, is_focused=false, fg_hwnd=HWND(0x142a8a)
[19:16:58.054] is_explorer_check: hwnd=HWND(0x142a8a), class='CabinetWClass'
[19:16:58.054] is_explorer_or_desktop_active = true
[19:16:58.054] focus_control: hwnd=HWND(0x2327c8), class='DirectUIHWND'
[19:16:58.054] is_user_typing_text = false
[19:16:58.059] get_selected: target_hwnd=HWND(0x142a8a), class='CabinetWClass', title='quicklook — проводник', shell_windows_count=5
[19:16:58.065] item 0: is_hwnd_match=false, loc='загрузки', file='d:\Users\Kobalt\Downloads\Install Termius.exe'
[19:16:58.072] item 1: is_hwnd_match=false, loc='minibin', file='d:\Users\Kobalt\Downloads\MiniBin\eye-sharp.svg'
[19:16:58.074] item 2: is_hwnd_match=true, loc='quicklook', file='D:\Projects\active\QuickLook\generate_icons.py'
[19:16:58.075] Exact HWND match! Returning: D:\Projects\active\QuickLook\generate_icons.py
[19:16:58.075] Worker thread got file: D:\Projects\active\QuickLook\generate_icons.py
[19:16:58.090] window.show: Ok(()), set_focus: Ok(())
[19:17:03.050] hide_and_reset called
[19:17:03.058] Restored foreground focus to Explorer HWND: HWND(0x142a8a)
[19:17:03.142] Space key UP event intercepted!
[19:17:05.702] Space key DOWN event intercepted!
[19:17:05.703] Peekit window state: visible=false, is_focused=false, fg_hwnd=HWND(0x142a8a)
[19:17:05.703] is_explorer_check: hwnd=HWND(0x142a8a), class='CabinetWClass'
[19:17:05.703] is_explorer_or_desktop_active = true
[19:17:05.703] focus_control: hwnd=HWND(0x2327c8), class='DirectUIHWND'
[19:17:05.703] is_user_typing_text = false
[19:17:05.705] get_selected: target_hwnd=HWND(0x142a8a), class='CabinetWClass', title='quicklook — проводник', shell_windows_count=5
[19:17:05.707] item 0: is_hwnd_match=false, loc='загрузки', file='d:\Users\Kobalt\Downloads\Install Termius.exe'
[19:17:05.709] item 1: is_hwnd_match=false, loc='minibin', file='d:\Users\Kobalt\Downloads\MiniBin\eye-sharp.svg'
[19:17:05.711] item 2: is_hwnd_match=true, loc='quicklook', file='D:\Projects\active\QuickLook\package.json'
[19:17:05.711] Exact HWND match! Returning: D:\Projects\active\QuickLook\package.json
[19:17:05.711] Worker thread got file: D:\Projects\active\QuickLook\package.json
[19:17:05.728] window.show: Ok(()), set_focus: Ok(())
[19:17:07.561] hide_and_reset called
[19:17:07.570] Restored foreground focus to Explorer HWND: HWND(0x142a8a)
[19:17:07.655] Space key UP event intercepted!
[19:17:09.055] Space key DOWN event intercepted!
[19:17:09.055] Peekit window state: visible=false, is_focused=false, fg_hwnd=HWND(0x142a8a)
[19:17:09.055] is_explorer_check: hwnd=HWND(0x142a8a), class='CabinetWClass'
[19:17:09.055] is_explorer_or_desktop_active = true
[19:17:09.055] focus_control: hwnd=HWND(0x2327c8), class='DirectUIHWND'
[19:17:09.055] is_user_typing_text = false
[19:17:09.058] get_selected: target_hwnd=HWND(0x142a8a), class='CabinetWClass', title='quicklook — проводник', shell_windows_count=5
[19:17:09.060] item 0: is_hwnd_match=false, loc='загрузки', file='d:\Users\Kobalt\Downloads\Install Termius.exe'
[19:17:09.061] item 1: is_hwnd_match=false, loc='minibin', file='d:\Users\Kobalt\Downloads\MiniBin\eye-sharp.svg'
[19:17:09.063] item 2: is_hwnd_match=true, loc='quicklook', file='D:\Projects\active\QuickLook\package-lock.json'
[19:17:09.063] Exact HWND match! Returning: D:\Projects\active\QuickLook\package-lock.json
[19:17:09.063] Worker thread got file: D:\Projects\active\QuickLook\package-lock.json
[19:17:09.078] window.show: Ok(()), set_focus: Ok(())
[19:17:10.189] hide_and_reset called
[19:17:10.197] Restored foreground focus to Explorer HWND: HWND(0x142a8a)
[19:17:10.247] Space key UP event intercepted!
[19:17:11.991] Space key DOWN event intercepted!
[19:17:11.991] Peekit window state: visible=false, is_focused=false, fg_hwnd=HWND(0x142a8a)
[19:17:11.992] is_explorer_check: hwnd=HWND(0x142a8a), class='CabinetWClass'
[19:17:11.992] is_explorer_or_desktop_active = true
[19:17:11.992] focus_control: hwnd=HWND(0x2327c8), class='DirectUIHWND'
[19:17:11.992] is_user_typing_text = false
[19:17:11.994] get_selected: target_hwnd=HWND(0x142a8a), class='CabinetWClass', title='quicklook — проводник', shell_windows_count=5
[19:17:11.996] item 0: is_hwnd_match=false, loc='загрузки', file='d:\Users\Kobalt\Downloads\Install Termius.exe'
[19:17:11.998] item 1: is_hwnd_match=false, loc='minibin', file='d:\Users\Kobalt\Downloads\MiniBin\eye-sharp.svg'
[19:17:11.999] item 2: is_hwnd_match=true, loc='quicklook', file='D:\Projects\active\QuickLook\README.md'
[19:17:12.000] Exact HWND match! Returning: D:\Projects\active\QuickLook\README.md
[19:17:12.000] Worker thread got file: D:\Projects\active\QuickLook\README.md
[19:17:12.014] window.show: Ok(()), set_focus: Ok(())
[19:17:13.786] hide_and_reset called
[19:17:13.796] Restored foreground focus to Explorer HWND: HWND(0x142a8a)
[19:17:13.864] Space key UP event intercepted!
[19:17:16.360] Space key DOWN event intercepted!
[19:17:16.360] Peekit window state: visible=false, is_focused=false, fg_hwnd=HWND(0x142a8a)
[19:17:16.360] is_explorer_check: hwnd=HWND(0x142a8a), class='CabinetWClass'
[19:17:16.360] is_explorer_or_desktop_active = true
[19:17:16.360] focus_control: hwnd=HWND(0x2327c8), class='DirectUIHWND'
[19:17:16.360] is_user_typing_text = false
[19:17:16.362] get_selected: target_hwnd=HWND(0x142a8a), class='CabinetWClass', title='quicklook — проводник', shell_windows_count=5
[19:17:16.364] item 0: is_hwnd_match=false, loc='загрузки', file='d:\Users\Kobalt\Downloads\Install Termius.exe'
[19:17:16.366] item 1: is_hwnd_match=false, loc='minibin', file='d:\Users\Kobalt\Downloads\MiniBin\eye-sharp.svg'
[19:17:16.367] item 2: is_hwnd_match=true, loc='quicklook', file='D:\Projects\active\QuickLook\icon.png'
[19:17:16.367] Exact HWND match! Returning: D:\Projects\active\QuickLook\icon.png
[19:17:16.368] Worker thread got file: D:\Projects\active\QuickLook\icon.png
[19:17:16.382] window.show: Ok(()), set_focus: Ok(())
[19:17:17.243] hide_and_reset called
[19:17:17.251] Restored foreground focus to Explorer HWND: HWND(0x142a8a)
[19:17:17.304] Space key UP event intercepted!
[19:17:26.041] Space key DOWN event intercepted!
[19:17:26.041] Peekit window state: visible=false, is_focused=false, fg_hwnd=HWND(0x142a8a)
[19:17:26.041] is_explorer_check: hwnd=HWND(0x142a8a), class='CabinetWClass'
[19:17:26.041] is_explorer_or_desktop_active = true
[19:17:26.041] focus_control: hwnd=HWND(0x242fc4), class='DirectUIHWND'
[19:17:26.041] is_user_typing_text = false
[19:17:26.044] get_selected: target_hwnd=HWND(0x142a8a), class='CabinetWClass', title='website — проводник', shell_windows_count=5
[19:17:26.047] item 0: is_hwnd_match=false, loc='загрузки', file='d:\Users\Kobalt\Downloads\Install Termius.exe'
[19:17:26.049] item 1: is_hwnd_match=false, loc='minibin', file='d:\Users\Kobalt\Downloads\MiniBin\eye-sharp.svg'
[19:17:26.052] item 2: is_hwnd_match=true, loc='website', file='D:\Projects\active\QuickLook\website\analysis_options.yaml'
[19:17:26.053] Exact HWND match! Returning: D:\Projects\active\QuickLook\website\analysis_options.yaml
[19:17:26.054] Worker thread got file: D:\Projects\active\QuickLook\website\analysis_options.yaml
[19:17:26.081] window.show: Ok(()), set_focus: Ok(())
[19:17:28.116] hide_and_reset called
[19:17:28.125] Restored foreground focus to Explorer HWND: HWND(0x142a8a)
[19:17:28.193] Space key UP event intercepted!
[19:17:29.361] Space key DOWN event intercepted!
[19:17:29.361] Peekit window state: visible=false, is_focused=false, fg_hwnd=HWND(0x142a8a)
[19:17:29.361] is_explorer_check: hwnd=HWND(0x142a8a), class='CabinetWClass'
[19:17:29.361] is_explorer_or_desktop_active = true
[19:17:29.361] focus_control: hwnd=HWND(0x242fc4), class='DirectUIHWND'
[19:17:29.361] is_user_typing_text = false
[19:17:29.364] get_selected: target_hwnd=HWND(0x142a8a), class='CabinetWClass', title='website — проводник', shell_windows_count=5
[19:17:29.366] item 0: is_hwnd_match=false, loc='загрузки', file='d:\Users\Kobalt\Downloads\Install Termius.exe'
[19:17:29.368] item 1: is_hwnd_match=false, loc='minibin', file='d:\Users\Kobalt\Downloads\MiniBin\eye-sharp.svg'
[19:17:29.370] item 2: is_hwnd_match=true, loc='website', file='D:\Projects\active\QuickLook\website\pubspec.lock'
[19:17:29.370] Exact HWND match! Returning: D:\Projects\active\QuickLook\website\pubspec.lock
[19:17:29.370] Worker thread got file: D:\Projects\active\QuickLook\website\pubspec.lock
[19:17:29.390] window.show: Ok(()), set_focus: Ok(())
[19:17:32.549] hide_and_reset called
[19:17:32.556] Restored foreground focus to Explorer HWND: HWND(0x142a8a)
[19:17:32.609] Space key UP event intercepted!
[19:17:33.650] Space key DOWN event intercepted!
[19:17:33.650] Peekit window state: visible=false, is_focused=false, fg_hwnd=HWND(0x142a8a)
[19:17:33.650] is_explorer_check: hwnd=HWND(0x142a8a), class='CabinetWClass'
[19:17:33.650] is_explorer_or_desktop_active = true
[19:17:33.650] focus_control: hwnd=HWND(0x242fc4), class='DirectUIHWND'
[19:17:33.650] is_user_typing_text = false
[19:17:33.652] get_selected: target_hwnd=HWND(0x142a8a), class='CabinetWClass', title='website — проводник', shell_windows_count=5
[19:17:33.654] item 0: is_hwnd_match=false, loc='загрузки', file='d:\Users\Kobalt\Downloads\Install Termius.exe'
[19:17:33.655] item 1: is_hwnd_match=false, loc='minibin', file='d:\Users\Kobalt\Downloads\MiniBin\eye-sharp.svg'
[19:17:33.657] item 2: is_hwnd_match=true, loc='website', file='D:\Projects\active\QuickLook\website\pubspec.yaml'
[19:17:33.657] Exact HWND match! Returning: D:\Projects\active\QuickLook\website\pubspec.yaml
[19:17:33.657] Worker thread got file: D:\Projects\active\QuickLook\website\pubspec.yaml
[19:17:33.677] window.show: Ok(()), set_focus: Ok(())
[19:17:35.069] hide_and_reset called
[19:17:35.076] Restored foreground focus to Explorer HWND: HWND(0x142a8a)
[19:17:35.130] Space key UP event intercepted!
[19:17:38.818] Space key DOWN event intercepted!
[19:17:38.818] Peekit window state: visible=false, is_focused=false, fg_hwnd=HWND(0x142a8a)
[19:17:38.818] is_explorer_check: hwnd=HWND(0x142a8a), class='CabinetWClass'
[19:17:38.818] is_explorer_or_desktop_active = true
[19:17:38.818] focus_control: hwnd=HWND(0x242fc4), class='DirectUIHWND'
[19:17:38.819] is_user_typing_text = false
[19:17:38.821] get_selected: target_hwnd=HWND(0x142a8a), class='CabinetWClass', title='website — проводник', shell_windows_count=5
[19:17:38.823] item 0: is_hwnd_match=false, loc='загрузки', file='d:\Users\Kobalt\Downloads\Install Termius.exe'
[19:17:38.824] item 1: is_hwnd_match=false, loc='minibin', file='d:\Users\Kobalt\Downloads\MiniBin\eye-sharp.svg'
[19:17:38.826] item 2: is_hwnd_match=true, loc='website', file='D:\Projects\active\QuickLook\website\.flutter-plugins-dependencies'
[19:17:38.826] Exact HWND match! Returning: D:\Projects\active\QuickLook\website\.flutter-plugins-dependencies
[19:17:38.826] Worker thread got file: D:\Projects\active\QuickLook\website\.flutter-plugins-dependencies
[19:17:38.842] window.show: Ok(()), set_focus: Ok(())
[19:17:46.837] hide_and_reset called
[19:17:46.844] Restored foreground focus to Explorer HWND: HWND(0x142a8a)
[19:17:54.140] Space key DOWN event intercepted!
[19:17:54.140] Peekit window state: visible=false, is_focused=false, fg_hwnd=HWND(0x1b2734)
[19:17:54.140] is_explorer_check: hwnd=HWND(0x1b2734), class='Chrome_WidgetWin_1'
[19:17:54.140] process_check: pid=30460, path='C:\Users\Kobalt\AppData\Local\Programs\Antigravity IDE\Antigravity IDE.exe', is_exp=false
[19:17:54.140] is_explorer_or_desktop_active = false
[19:17:54.284] Space key UP event intercepted!
[19:17:56.292] Space key DOWN event intercepted!
[19:17:56.292] Peekit window state: visible=false, is_focused=false, fg_hwnd=HWND(0x1b2734)
[19:17:56.292] is_explorer_check: hwnd=HWND(0x1b2734), class='Chrome_WidgetWin_1'
[19:17:56.292] process_check: pid=30460, path='C:\Users\Kobalt\AppData\Local\Programs\Antigravity IDE\Antigravity IDE.exe', is_exp=false
[19:17:56.293] is_explorer_or_desktop_active = false
[19:17:56.404] Space key UP event intercepted!
[19:18:01.293] Space key DOWN event intercepted!
[19:18:01.293] Peekit window state: visible=false, is_focused=false, fg_hwnd=HWND(0x1b2734)
[19:18:01.293] is_explorer_check: hwnd=HWND(0x1b2734), class='Chrome_WidgetWin_1'
[19:18:01.293] process_check: pid=30460, path='C:\Users\Kobalt\AppData\Local\Programs\Antigravity IDE\Antigravity IDE.exe', is_exp=false
[19:18:01.293] is_explorer_or_desktop_active = false
[19:18:01.437] Space key UP event intercepted!
[19:18:02.893] Space key DOWN event intercepted!
[19:18:02.893] Peekit window state: visible=false, is_focused=false, fg_hwnd=HWND(0x1b2734)
[19:18:02.893] is_explorer_check: hwnd=HWND(0x1b2734), class='Chrome_WidgetWin_1'
[19:18:02.893] process_check: pid=30460, path='C:\Users\Kobalt\AppData\Local\Programs\Antigravity IDE\Antigravity IDE.exe', is_exp=false
[19:18:02.893] is_explorer_or_desktop_active = false
[19:18:02.989] Space key UP event intercepted!
[19:18:05.269] Space key DOWN event intercepted!
[19:18:05.269] Peekit window state: visible=false, is_focused=false, fg_hwnd=HWND(0x1b2734)
[19:18:05.269] is_explorer_check: hwnd=HWND(0x1b2734), class='Chrome_WidgetWin_1'
[19:18:05.269] process_check: pid=30460, path='C:\Users\Kobalt\AppData\Local\Programs\Antigravity IDE\Antigravity IDE.exe', is_exp=false
[19:18:05.269] is_explorer_or_desktop_active = false
[19:18:05.381] Space key UP event intercepted!
[19:18:07.197] Space key DOWN event intercepted!
[19:18:07.197] Peekit window state: visible=false, is_focused=false, fg_hwnd=HWND(0x1b2734)
[19:18:07.197] is_explorer_check: hwnd=HWND(0x1b2734), class='Chrome_WidgetWin_1'
[19:18:07.198] process_check: pid=30460, path='C:\Users\Kobalt\AppData\Local\Programs\Antigravity IDE\Antigravity IDE.exe', is_exp=false
[19:18:07.198] is_explorer_or_desktop_active = false
[19:18:07.293] Space key UP event intercepted!
[19:18:10.702] Space key DOWN event intercepted!
[19:18:10.702] Peekit window state: visible=false, is_focused=false, fg_hwnd=HWND(0x1b2734)
[19:18:10.702] is_explorer_check: hwnd=HWND(0x1b2734), class='Chrome_WidgetWin_1'
[19:18:10.702] process_check: pid=30460, path='C:\Users\Kobalt\AppData\Local\Programs\Antigravity IDE\Antigravity IDE.exe', is_exp=false
[19:18:10.702] is_explorer_or_desktop_active = false
[19:18:10.782] Space key UP event intercepted!
[19:18:14.134] Space key DOWN event intercepted!
[19:18:14.135] Peekit window state: visible=false, is_focused=false, fg_hwnd=HWND(0x1b2734)
[19:18:14.135] is_explorer_check: hwnd=HWND(0x1b2734), class='Chrome_WidgetWin_1'
[19:18:14.135] process_check: pid=30460, path='C:\Users\Kobalt\AppData\Local\Programs\Antigravity IDE\Antigravity IDE.exe', is_exp=false
[19:18:14.135] is_explorer_or_desktop_active = false
[19:18:14.254] Space key UP event intercepted!
[19:18:14.726] Space key DOWN event intercepted!
[19:18:14.726] Peekit window state: visible=false, is_focused=false, fg_hwnd=HWND(0x1b2734)
[19:18:14.727] is_explorer_check: hwnd=HWND(0x1b2734), class='Chrome_WidgetWin_1'
[19:18:14.727] process_check: pid=30460, path='C:\Users\Kobalt\AppData\Local\Programs\Antigravity IDE\Antigravity IDE.exe', is_exp=false
[19:18:14.727] is_explorer_or_desktop_active = false
[19:18:14.838] Space key UP event intercepted!
[19:18:15.878] Space key DOWN event intercepted!
[19:18:15.878] Peekit window state: visible=false, is_focused=false, fg_hwnd=HWND(0x1b2734)
[19:18:15.878] is_explorer_check: hwnd=HWND(0x1b2734), class='Chrome_WidgetWin_1'
[19:18:15.878] process_check: pid=30460, path='C:\Users\Kobalt\AppData\Local\Programs\Antigravity IDE\Antigravity IDE.exe', is_exp=false
[19:18:15.879] is_explorer_or_desktop_active = false
[19:18:15.990] Space key UP event intercepted!
[19:18:17.654] Space key DOWN event intercepted!
[19:18:17.655] Peekit window state: visible=false, is_focused=false, fg_hwnd=HWND(0x1b2734)
[19:18:17.655] is_explorer_check: hwnd=HWND(0x1b2734), class='Chrome_WidgetWin_1'
[19:18:17.655] process_check: pid=30460, path='C:\Users\Kobalt\AppData\Local\Programs\Antigravity IDE\Antigravity IDE.exe', is_exp=false
[19:18:17.655] is_explorer_or_desktop_active = false
[19:18:17.806] Space key UP event intercepted!
[19:18:19.159] Space key DOWN event intercepted!
[19:18:19.159] Peekit window state: visible=false, is_focused=false, fg_hwnd=HWND(0x1b2734)
[19:18:19.159] is_explorer_check: hwnd=HWND(0x1b2734), class='Chrome_WidgetWin_1'
[19:18:19.159] process_check: pid=30460, path='C:\Users\Kobalt\AppData\Local\Programs\Antigravity IDE\Antigravity IDE.exe', is_exp=false
[19:18:19.159] is_explorer_or_desktop_active = false
[19:18:19.255] Space key UP event intercepted!
[19:18:19.615] Space key DOWN event intercepted!
[19:18:19.615] Peekit window state: visible=false, is_focused=false, fg_hwnd=HWND(0x1b2734)
[19:18:19.615] is_explorer_check: hwnd=HWND(0x1b2734), class='Chrome_WidgetWin_1'
[19:18:19.615] process_check: pid=30460, path='C:\Users\Kobalt\AppData\Local\Programs\Antigravity IDE\Antigravity IDE.exe', is_exp=false
[19:18:19.615] is_explorer_or_desktop_active = false
[19:18:19.711] Space key UP event intercepted!
[19:18:21.719] Space key DOWN event intercepted!
[19:18:21.719] Peekit window state: visible=false, is_focused=false, fg_hwnd=HWND(0x1b2734)
[19:18:21.719] is_explorer_check: hwnd=HWND(0x1b2734), class='Chrome_WidgetWin_1'
[19:18:21.719] process_check: pid=30460, path='C:\Users\Kobalt\AppData\Local\Programs\Antigravity IDE\Antigravity IDE.exe', is_exp=false
[19:18:21.719] is_explorer_or_desktop_active = false
[19:18:21.799] Space key UP event intercepted!
[19:18:23.200] Space key DOWN event intercepted!
[19:18:23.200] Peekit window state: visible=false, is_focused=false, fg_hwnd=HWND(0x1b2734)
[19:18:23.200] is_explorer_check: hwnd=HWND(0x1b2734), class='Chrome_WidgetWin_1'
[19:18:23.200] process_check: pid=30460, path='C:\Users\Kobalt\AppData\Local\Programs\Antigravity IDE\Antigravity IDE.exe', is_exp=false
[19:18:23.200] is_explorer_or_desktop_active = false
[19:18:23.327] Space key UP event intercepted!
[19:18:24.751] Space key DOWN event intercepted!
[19:18:24.751] Peekit window state: visible=false, is_focused=false, fg_hwnd=HWND(0x1b2734)
[19:18:24.751] is_explorer_check: hwnd=HWND(0x1b2734), class='Chrome_WidgetWin_1'
[19:18:24.751] process_check: pid=30460, path='C:\Users\Kobalt\AppData\Local\Programs\Antigravity IDE\Antigravity IDE.exe', is_exp=false
[19:18:24.751] is_explorer_or_desktop_active = false
[19:18:24.864] Space key UP event intercepted!
[19:18:24.991] Space key DOWN event intercepted!
[19:18:24.991] Peekit window state: visible=false, is_focused=false, fg_hwnd=HWND(0x1b2734)
[19:18:24.991] is_explorer_check: hwnd=HWND(0x1b2734), class='Chrome_WidgetWin_1'
[19:18:24.992] process_check: pid=30460, path='C:\Users\Kobalt\AppData\Local\Programs\Antigravity IDE\Antigravity IDE.exe', is_exp=false
[19:18:24.992] is_explorer_or_desktop_active = false
[19:18:25.087] Space key UP event intercepted!
[19:18:27.207] Space key DOWN event intercepted!
[19:18:27.208] Peekit window state: visible=false, is_focused=false, fg_hwnd=HWND(0x1b2734)
[19:18:27.208] is_explorer_check: hwnd=HWND(0x1b2734), class='Chrome_WidgetWin_1'
[19:18:27.208] process_check: pid=30460, path='C:\Users\Kobalt\AppData\Local\Programs\Antigravity IDE\Antigravity IDE.exe', is_exp=false
[19:18:27.208] is_explorer_or_desktop_active = false
[19:18:27.319] Space key UP event intercepted!
[19:18:30.096] Space key DOWN event intercepted!
[19:18:30.096] Peekit window state: visible=false, is_focused=false, fg_hwnd=HWND(0x1b2734)
[19:18:30.096] is_explorer_check: hwnd=HWND(0x1b2734), class='Chrome_WidgetWin_1'
[19:18:30.096] process_check: pid=30460, path='C:\Users\Kobalt\AppData\Local\Programs\Antigravity IDE\Antigravity IDE.exe', is_exp=false
[19:18:30.096] is_explorer_or_desktop_active = false
[19:18:30.176] Space key UP event intercepted!
[19:18:30.928] Space key DOWN event intercepted!
[19:18:30.928] Peekit window state: visible=false, is_focused=false, fg_hwnd=HWND(0x1b2734)
[19:18:30.928] is_explorer_check: hwnd=HWND(0x1b2734), class='Chrome_WidgetWin_1'
[19:18:30.929] process_check: pid=30460, path='C:\Users\Kobalt\AppData\Local\Programs\Antigravity IDE\Antigravity IDE.exe', is_exp=false
[19:18:30.929] is_explorer_or_desktop_active = false
[19:18:31.040] Space key UP event intercepted!
[19:18:32.832] Space key DOWN event intercepted!
[19:18:32.832] Peekit window state: visible=false, is_focused=false, fg_hwnd=HWND(0x1b2734)
[19:18:32.833] is_explorer_check: hwnd=HWND(0x1b2734), class='Chrome_WidgetWin_1'
[19:18:32.833] process_check: pid=30460, path='C:\Users\Kobalt\AppData\Local\Programs\Antigravity IDE\Antigravity IDE.exe', is_exp=false
[19:18:32.833] is_explorer_or_desktop_active = false
[19:18:32.928] Space key UP event intercepted!
[19:18:35.536] Space key DOWN event intercepted!
[19:18:35.536] Peekit window state: visible=false, is_focused=false, fg_hwnd=HWND(0x1b2734)
[19:18:35.537] is_explorer_check: hwnd=HWND(0x1b2734), class='Chrome_WidgetWin_1'
[19:18:35.537] process_check: pid=30460, path='C:\Users\Kobalt\AppData\Local\Programs\Antigravity IDE\Antigravity IDE.exe', is_exp=false
[19:18:35.537] is_explorer_or_desktop_active = false
[19:18:35.632] Space key UP event intercepted!
[19:18:36.888] Space key DOWN event intercepted!
[19:18:36.889] Peekit window state: visible=false, is_focused=false, fg_hwnd=HWND(0x1b2734)
[19:18:36.889] is_explorer_check: hwnd=HWND(0x1b2734), class='Chrome_WidgetWin_1'
[19:18:36.889] process_check: pid=30460, path='C:\Users\Kobalt\AppData\Local\Programs\Antigravity IDE\Antigravity IDE.exe', is_exp=false
[19:18:36.889] is_explorer_or_desktop_active = false
[19:18:36.985] Space key UP event intercepted!
[19:18:37.609] Space key DOWN event intercepted!
[19:18:37.609] Peekit window state: visible=false, is_focused=false, fg_hwnd=HWND(0x1b2734)
[19:18:37.609] is_explorer_check: hwnd=HWND(0x1b2734), class='Chrome_WidgetWin_1'
[19:18:37.609] process_check: pid=30460, path='C:\Users\Kobalt\AppData\Local\Programs\Antigravity IDE\Antigravity IDE.exe', is_exp=false
[19:18:37.609] is_explorer_or_desktop_active = false
[19:18:37.673] Space key UP event intercepted!
[19:18:37.913] Space key DOWN event intercepted!
[19:18:37.913] Peekit window state: visible=false, is_focused=false, fg_hwnd=HWND(0x1b2734)
[19:18:37.913] is_explorer_check: hwnd=HWND(0x1b2734), class='Chrome_WidgetWin_1'
[19:18:37.913] process_check: pid=30460, path='C:\Users\Kobalt\AppData\Local\Programs\Antigravity IDE\Antigravity IDE.exe', is_exp=false
[19:18:37.913] is_explorer_or_desktop_active = false
[19:18:37.985] Space key UP event intercepted!
[19:21:02.521] Space key DOWN event intercepted!
[19:21:02.521] Peekit window state: visible=false, is_focused=false, fg_hwnd=HWND(0x1b2734)
[19:21:02.521] is_explorer_check: hwnd=HWND(0x1b2734), class='Chrome_WidgetWin_1'
[19:21:02.521] process_check: pid=30460, path='C:\Users\Kobalt\AppData\Local\Programs\Antigravity IDE\Antigravity IDE.exe', is_exp=false
[19:21:02.521] is_explorer_or_desktop_active = false
[19:21:02.657] Space key UP event intercepted!
[19:21:04.641] Space key DOWN event intercepted!
[19:21:04.641] Peekit window state: visible=false, is_focused=false, fg_hwnd=HWND(0x1b2734)
[19:21:04.641] is_explorer_check: hwnd=HWND(0x1b2734), class='Chrome_WidgetWin_1'
[19:21:04.641] process_check: pid=30460, path='C:\Users\Kobalt\AppData\Local\Programs\Antigravity IDE\Antigravity IDE.exe', is_exp=false
[19:21:04.641] is_explorer_or_desktop_active = false
[19:21:04.753] Space key UP event intercepted!
[19:21:05.265] Space key DOWN event intercepted!
[19:21:05.265] Peekit window state: visible=false, is_focused=false, fg_hwnd=HWND(0x1b2734)
[19:21:05.266] is_explorer_check: hwnd=HWND(0x1b2734), class='Chrome_WidgetWin_1'
[19:21:05.266] process_check: pid=30460, path='C:\Users\Kobalt\AppData\Local\Programs\Antigravity IDE\Antigravity IDE.exe', is_exp=false
[19:21:05.266] is_explorer_or_desktop_active = false
[19:21:05.377] Space key UP event intercepted!
[19:21:06.937] Space key DOWN event intercepted!
[19:21:06.937] Peekit window state: visible=false, is_focused=false, fg_hwnd=HWND(0x1b2734)
[19:21:06.937] is_explorer_check: hwnd=HWND(0x1b2734), class='Chrome_WidgetWin_1'
[19:21:06.937] process_check: pid=30460, path='C:\Users\Kobalt\AppData\Local\Programs\Antigravity IDE\Antigravity IDE.exe', is_exp=false
[19:21:06.938] is_explorer_or_desktop_active = false
[19:21:07.073] Space key UP event intercepted!
[19:21:08.425] Space key DOWN event intercepted!
[19:21:08.425] Peekit window state: visible=false, is_focused=false, fg_hwnd=HWND(0x1b2734)
[19:21:08.425] is_explorer_check: hwnd=HWND(0x1b2734), class='Chrome_WidgetWin_1'
[19:21:08.426] process_check: pid=30460, path='C:\Users\Kobalt\AppData\Local\Programs\Antigravity IDE\Antigravity IDE.exe', is_exp=false
[19:21:08.426] is_explorer_or_desktop_active = false
[19:21:08.569] Space key UP event intercepted!
[19:21:14.018] Space key DOWN event intercepted!
[19:21:14.018] Peekit window state: visible=false, is_focused=false, fg_hwnd=HWND(0x1b2734)
[19:21:14.018] is_explorer_check: hwnd=HWND(0x1b2734), class='Chrome_WidgetWin_1'
[19:21:14.018] process_check: pid=30460, path='C:\Users\Kobalt\AppData\Local\Programs\Antigravity IDE\Antigravity IDE.exe', is_exp=false
[19:21:14.018] is_explorer_or_desktop_active = false
[19:21:14.146] Space key UP event intercepted!
[19:21:16.426] Space key DOWN event intercepted!
[19:21:16.427] Peekit window state: visible=false, is_focused=false, fg_hwnd=HWND(0x1b2734)
[19:21:16.427] is_explorer_check: hwnd=HWND(0x1b2734), class='Chrome_WidgetWin_1'
[19:21:16.427] process_check: pid=30460, path='C:\Users\Kobalt\AppData\Local\Programs\Antigravity IDE\Antigravity IDE.exe', is_exp=false
[19:21:16.427] is_explorer_or_desktop_active = false
[19:21:16.554] Space key UP event intercepted!
[19:21:17.242] Space key DOWN event intercepted!
[19:21:17.242] Peekit window state: visible=false, is_focused=false, fg_hwnd=HWND(0x1b2734)
[19:21:17.242] is_explorer_check: hwnd=HWND(0x1b2734), class='Chrome_WidgetWin_1'
[19:21:17.242] process_check: pid=30460, path='C:\Users\Kobalt\AppData\Local\Programs\Antigravity IDE\Antigravity IDE.exe', is_exp=false
[19:21:17.243] is_explorer_or_desktop_active = false
[19:21:17.386] Space key UP event intercepted!
[19:21:20.467] Space key DOWN event intercepted!
[19:21:20.467] Peekit window state: visible=false, is_focused=false, fg_hwnd=HWND(0x1b2734)
[19:21:20.467] is_explorer_check: hwnd=HWND(0x1b2734), class='Chrome_WidgetWin_1'
[19:21:20.467] process_check: pid=30460, path='C:\Users\Kobalt\AppData\Local\Programs\Antigravity IDE\Antigravity IDE.exe', is_exp=false
[19:21:20.467] is_explorer_or_desktop_active = false
[19:21:20.562] Space key UP event intercepted!
[19:21:22.339] Space key DOWN event intercepted!
[19:21:22.339] Peekit window state: visible=false, is_focused=false, fg_hwnd=HWND(0x1b2734)
[19:21:22.339] is_explorer_check: hwnd=HWND(0x1b2734), class='Chrome_WidgetWin_1'
[19:21:22.339] process_check: pid=30460, path='C:\Users\Kobalt\AppData\Local\Programs\Antigravity IDE\Antigravity IDE.exe', is_exp=false
[19:21:22.339] is_explorer_or_desktop_active = false
[19:21:22.435] Space key UP event intercepted!
[19:21:23.659] Space key DOWN event intercepted!
[19:21:23.659] Peekit window state: visible=false, is_focused=false, fg_hwnd=HWND(0x1b2734)
[19:21:23.659] is_explorer_check: hwnd=HWND(0x1b2734), class='Chrome_WidgetWin_1'
[19:21:23.659] process_check: pid=30460, path='C:\Users\Kobalt\AppData\Local\Programs\Antigravity IDE\Antigravity IDE.exe', is_exp=false
[19:21:23.660] is_explorer_or_desktop_active = false
[19:21:23.739] Space key UP event intercepted!
[19:21:24.571] Space key DOWN event intercepted!
[19:21:24.571] Peekit window state: visible=false, is_focused=false, fg_hwnd=HWND(0x1b2734)
[19:21:24.571] is_explorer_check: hwnd=HWND(0x1b2734), class='Chrome_WidgetWin_1'
[19:21:24.571] process_check: pid=30460, path='C:\Users\Kobalt\AppData\Local\Programs\Antigravity IDE\Antigravity IDE.exe', is_exp=false
[19:21:24.572] is_explorer_or_desktop_active = false
[19:21:24.708] Space key UP event intercepted!
[19:21:24.899] Space key DOWN event intercepted!
[19:21:24.899] Peekit window state: visible=false, is_focused=false, fg_hwnd=HWND(0x1b2734)
[19:21:24.899] is_explorer_check: hwnd=HWND(0x1b2734), class='Chrome_WidgetWin_1'
[19:21:24.899] process_check: pid=30460, path='C:\Users\Kobalt\AppData\Local\Programs\Antigravity IDE\Antigravity IDE.exe', is_exp=false
[19:21:24.899] is_explorer_or_desktop_active = false
[19:21:25.011] Space key UP event intercepted!
[19:21:26.707] Space key DOWN event intercepted!
[19:21:26.707] Peekit window state: visible=false, is_focused=false, fg_hwnd=HWND(0x1b2734)
[19:21:26.707] is_explorer_check: hwnd=HWND(0x1b2734), class='Chrome_WidgetWin_1'
[19:21:26.708] process_check: pid=30460, path='C:\Users\Kobalt\AppData\Local\Programs\Antigravity IDE\Antigravity IDE.exe', is_exp=false
[19:21:26.708] is_explorer_or_desktop_active = false
[19:21:26.803] Space key UP event intercepted!
[19:21:27.899] Space key DOWN event intercepted!
[19:21:27.899] Peekit window state: visible=false, is_focused=false, fg_hwnd=HWND(0x1b2734)
[19:21:27.900] is_explorer_check: hwnd=HWND(0x1b2734), class='Chrome_WidgetWin_1'
[19:21:27.900] process_check: pid=30460, path='C:\Users\Kobalt\AppData\Local\Programs\Antigravity IDE\Antigravity IDE.exe', is_exp=false
[19:21:27.900] is_explorer_or_desktop_active = false
[19:21:28.059] Space key UP event intercepted!
[19:21:28.371] Space key DOWN event intercepted!
[19:21:28.371] Peekit window state: visible=false, is_focused=false, fg_hwnd=HWND(0x1b2734)
[19:21:28.372] is_explorer_check: hwnd=HWND(0x1b2734), class='Chrome_WidgetWin_1'
[19:21:28.372] process_check: pid=30460, path='C:\Users\Kobalt\AppData\Local\Programs\Antigravity IDE\Antigravity IDE.exe', is_exp=false
[19:21:28.372] is_explorer_or_desktop_active = false
[19:21:28.500] Space key UP event intercepted!
[19:21:29.187] Space key DOWN event intercepted!
[19:21:29.188] Peekit window state: visible=false, is_focused=false, fg_hwnd=HWND(0x1b2734)
[19:21:29.188] is_explorer_check: hwnd=HWND(0x1b2734), class='Chrome_WidgetWin_1'
[19:21:29.188] process_check: pid=30460, path='C:\Users\Kobalt\AppData\Local\Programs\Antigravity IDE\Antigravity IDE.exe', is_exp=false
[19:21:29.188] is_explorer_or_desktop_active = false
[19:21:29.283] Space key UP event intercepted!
[19:21:30.852] Space key DOWN event intercepted!
[19:21:30.852] Peekit window state: visible=false, is_focused=false, fg_hwnd=HWND(0x1b2734)
[19:21:30.852] is_explorer_check: hwnd=HWND(0x1b2734), class='Chrome_WidgetWin_1'
[19:21:30.852] process_check: pid=30460, path='C:\Users\Kobalt\AppData\Local\Programs\Antigravity IDE\Antigravity IDE.exe', is_exp=false
[19:21:30.852] is_explorer_or_desktop_active = false
[19:21:30.948] Space key UP event intercepted!
[19:21:31.156] Space key DOWN event intercepted!
[19:21:31.156] Peekit window state: visible=false, is_focused=false, fg_hwnd=HWND(0x1b2734)
[19:21:31.156] is_explorer_check: hwnd=HWND(0x1b2734), class='Chrome_WidgetWin_1'
[19:21:31.156] process_check: pid=30460, path='C:\Users\Kobalt\AppData\Local\Programs\Antigravity IDE\Antigravity IDE.exe', is_exp=false
[19:21:31.156] is_explorer_or_desktop_active = false
[19:21:31.268] Space key UP event intercepted!
[19:31:10.911] setup starting
[19:31:10.912] Tray created: id=TrayIconId("main_tray")
[19:31:10.912] start_hook (main thread): successfully installed hook_id=HHOOK(0x206305f)
[19:31:10.912] setup completed successfully
[19:31:24.065] setup starting
[19:31:24.071] Tray created: id=TrayIconId("main_tray")
[19:31:24.071] start_hook (main thread): successfully installed hook_id=HHOOK(0xa312f)
[19:31:24.072] setup completed successfully
[19:31:37.134] Space key DOWN event intercepted!
[19:31:37.135] Peekit window state: visible=false, is_focused=false, fg_hwnd=HWND(0x142a8a)
[19:31:37.135] is_explorer_check: hwnd=HWND(0x142a8a), class='CabinetWClass'
[19:31:37.135] is_explorer_or_desktop_active = true
[19:31:37.135] focus_control: hwnd=HWND(0x242fc4), class='DirectUIHWND'
[19:31:37.135] is_user_typing_text = false
[19:31:37.141] get_selected_paths: target_hwnd=HWND(0x142a8a), class='CabinetWClass', title='website — проводник', shell_windows_count=5
[19:31:37.147] item 0: is_hwnd_match=false, loc='загрузки', count=1
[19:31:37.155] item 1: is_hwnd_match=false, loc='minibin', count=1
[19:31:37.156] item 2: is_hwnd_match=true, loc='website', count=1
[19:31:37.156] Exact HWND match! Returning 1 files
[19:31:37.157] Worker thread got 1 files, active: D:\Projects\active\QuickLook\website\analysis_options.yaml
[19:31:37.172] window.show: Ok(()), set_focus: Ok(())
[19:31:43.046] navigate_adjacent: focused_idx=4, total_count=7, dir=ArrowUp
[19:31:43.063] navigate_adjacent succeeded: Some("D:\\Projects\\active\\QuickLook\\website\\.flutter-plugins-dependencies")
[19:31:44.509] navigate_adjacent: focused_idx=3, total_count=7, dir=ArrowDown
[19:31:44.521] navigate_adjacent succeeded: Some("D:\\Projects\\active\\QuickLook\\website\\analysis_options.yaml")
[19:31:45.405] navigate_adjacent: focused_idx=4, total_count=7, dir=ArrowDown
[19:31:45.416] navigate_adjacent succeeded: Some("D:\\Projects\\active\\QuickLook\\website\\pubspec.lock")
[19:31:46.613] navigate_adjacent: focused_idx=5, total_count=7, dir=ArrowDown
[19:31:46.625] navigate_adjacent succeeded: Some("D:\\Projects\\active\\QuickLook\\website\\pubspec.yaml")
[19:31:49.411] hide_and_reset called
[19:31:49.423] Restored foreground focus to Explorer HWND: HWND(0x142a8a)
[19:31:57.169] Space key DOWN event intercepted!
[19:31:57.169] Peekit window state: visible=false, is_focused=false, fg_hwnd=HWND(0x142a8a)
[19:31:57.169] is_explorer_check: hwnd=HWND(0x142a8a), class='CabinetWClass'
[19:31:57.169] is_explorer_or_desktop_active = true
[19:31:57.169] focus_control: hwnd=HWND(0x1605b4), class='DirectUIHWND'
[19:31:57.169] is_user_typing_text = false
[19:31:57.172] get_selected_paths: target_hwnd=HWND(0x142a8a), class='CabinetWClass', title='quicklook — проводник', shell_windows_count=5
[19:31:57.174] item 0: is_hwnd_match=false, loc='загрузки', count=1
[19:31:57.176] item 1: is_hwnd_match=false, loc='minibin', count=1
[19:31:57.177] item 2: is_hwnd_match=true, loc='quicklook', count=1
[19:31:57.177] Exact HWND match! Returning 1 files
[19:31:57.178] Worker thread got 1 files, active: D:\Projects\active\QuickLook\generate_icons.py
[19:31:57.193] window.show: Ok(()), set_focus: Ok(())
[19:32:00.696] navigate_adjacent: focused_idx=9, total_count=20, dir=ArrowDown
[19:32:00.709] navigate_adjacent succeeded: Some("D:\\Projects\\active\\QuickLook\\icon.ico")
[19:32:01.887] navigate_adjacent: focused_idx=10, total_count=20, dir=ArrowDown
[19:32:01.900] navigate_adjacent succeeded: Some("D:\\Projects\\active\\QuickLook\\icon.png")
[19:32:02.927] navigate_adjacent: focused_idx=11, total_count=20, dir=ArrowDown
[19:32:02.939] navigate_adjacent succeeded: Some("D:\\Projects\\active\\QuickLook\\LICENSE")
[19:32:03.903] navigate_adjacent: focused_idx=12, total_count=20, dir=ArrowDown
[19:32:03.919] navigate_adjacent succeeded: Some("D:\\Projects\\active\\QuickLook\\package.json")
[19:32:04.541] navigate_adjacent: focused_idx=13, total_count=20, dir=ArrowDown
[19:32:04.560] navigate_adjacent succeeded: Some("D:\\Projects\\active\\QuickLook\\package-lock.json")
[19:32:05.143] navigate_adjacent: focused_idx=14, total_count=20, dir=ArrowDown
[19:32:05.153] navigate_adjacent succeeded: Some("D:\\Projects\\active\\QuickLook\\peekit_icon.svg")
[19:32:06.009] navigate_adjacent: focused_idx=15, total_count=20, dir=ArrowUp
[19:32:06.031] navigate_adjacent succeeded: Some("D:\\Projects\\active\\QuickLook\\package-lock.json")
[19:32:06.543] navigate_adjacent: focused_idx=14, total_count=20, dir=ArrowUp
[19:32:06.558] navigate_adjacent succeeded: Some("D:\\Projects\\active\\QuickLook\\package.json")
[19:32:07.010] navigate_adjacent: focused_idx=13, total_count=20, dir=ArrowDown
[19:32:07.038] navigate_adjacent succeeded: Some("D:\\Projects\\active\\QuickLook\\package-lock.json")
[19:32:07.472] navigate_adjacent: focused_idx=14, total_count=20, dir=ArrowDown
[19:32:07.481] navigate_adjacent succeeded: Some("D:\\Projects\\active\\QuickLook\\peekit_icon.svg")
[19:32:12.937] navigate_adjacent: focused_idx=15, total_count=20, dir=ArrowDown
[19:32:12.956] navigate_adjacent succeeded: Some("D:\\Projects\\active\\QuickLook\\README.md")
[19:32:15.268] navigate_adjacent: focused_idx=16, total_count=20, dir=ArrowDown
[19:32:15.291] navigate_adjacent succeeded: Some("D:\\Projects\\active\\QuickLook\\svelte.config.js")
[19:32:15.953] navigate_adjacent: focused_idx=17, total_count=20, dir=ArrowUp
[19:32:15.965] navigate_adjacent succeeded: Some("D:\\Projects\\active\\QuickLook\\README.md")
[19:32:17.209] navigate_adjacent: focused_idx=16, total_count=20, dir=ArrowUp
[19:32:17.219] navigate_adjacent succeeded: Some("D:\\Projects\\active\\QuickLook\\peekit_icon.svg")
[19:32:17.729] navigate_adjacent: focused_idx=15, total_count=20, dir=ArrowUp
[19:32:17.750] navigate_adjacent succeeded: Some("D:\\Projects\\active\\QuickLook\\package-lock.json")
[19:32:18.529] navigate_adjacent: focused_idx=14, total_count=20, dir=ArrowUp
[19:32:18.545] navigate_adjacent succeeded: Some("D:\\Projects\\active\\QuickLook\\package.json")
[19:32:19.049] navigate_adjacent: focused_idx=13, total_count=20, dir=ArrowUp
[19:32:19.066] navigate_adjacent succeeded: Some("D:\\Projects\\active\\QuickLook\\LICENSE")
[19:32:19.649] navigate_adjacent: focused_idx=12, total_count=20, dir=ArrowUp
[19:32:19.659] navigate_adjacent succeeded: Some("D:\\Projects\\active\\QuickLook\\icon.png")
[19:32:20.369] navigate_adjacent: focused_idx=11, total_count=20, dir=ArrowUp
[19:32:20.381] navigate_adjacent succeeded: Some("D:\\Projects\\active\\QuickLook\\icon.ico")
[19:32:21.594] navigate_adjacent: focused_idx=10, total_count=20, dir=ArrowUp
[19:32:21.606] navigate_adjacent succeeded: Some("D:\\Projects\\active\\QuickLook\\generate_icons.py")
[19:32:22.649] navigate_adjacent: focused_idx=9, total_count=20, dir=ArrowDown
[19:32:22.660] navigate_adjacent succeeded: Some("D:\\Projects\\active\\QuickLook\\icon.ico")
[19:32:22.978] navigate_adjacent: focused_idx=10, total_count=20, dir=ArrowDown
[19:32:22.989] navigate_adjacent succeeded: Some("D:\\Projects\\active\\QuickLook\\icon.png")
[19:32:23.338] navigate_adjacent: focused_idx=11, total_count=20, dir=ArrowDown
[19:32:23.350] navigate_adjacent succeeded: Some("D:\\Projects\\active\\QuickLook\\LICENSE")
[19:32:24.018] navigate_adjacent: focused_idx=12, total_count=20, dir=ArrowDown
[19:32:24.033] navigate_adjacent succeeded: Some("D:\\Projects\\active\\QuickLook\\package.json")
[19:32:25.244] navigate_adjacent: focused_idx=13, total_count=20, dir=ArrowDown
[19:32:25.260] navigate_adjacent succeeded: Some("D:\\Projects\\active\\QuickLook\\package-lock.json")
[19:32:26.626] navigate_adjacent: focused_idx=14, total_count=20, dir=ArrowDown
[19:32:26.636] navigate_adjacent succeeded: Some("D:\\Projects\\active\\QuickLook\\peekit_icon.svg")
[19:32:27.362] navigate_adjacent: focused_idx=15, total_count=20, dir=ArrowUp
[19:32:27.382] navigate_adjacent succeeded: Some("D:\\Projects\\active\\QuickLook\\package-lock.json")
[19:32:27.602] navigate_adjacent: focused_idx=14, total_count=20, dir=ArrowUp
[19:32:27.603] navigate_adjacent succeeded: Some("D:\\Projects\\active\\QuickLook\\package.json")
[19:32:27.802] navigate_adjacent: focused_idx=13, total_count=20, dir=ArrowUp
[19:32:27.804] navigate_adjacent succeeded: Some("D:\\Projects\\active\\QuickLook\\LICENSE")
[19:32:28.011] navigate_adjacent: focused_idx=12, total_count=20, dir=ArrowUp
[19:32:28.012] navigate_adjacent succeeded: Some("D:\\Projects\\active\\QuickLook\\icon.png")
[19:32:28.228] navigate_adjacent: focused_idx=11, total_count=20, dir=ArrowUp
[19:32:28.230] navigate_adjacent succeeded: Some("D:\\Projects\\active\\QuickLook\\icon.ico")
[19:32:28.730] navigate_adjacent: focused_idx=10, total_count=20, dir=ArrowUp
[19:32:28.744] navigate_adjacent succeeded: Some("D:\\Projects\\active\\QuickLook\\generate_icons.py")
[19:32:38.884] navigate_adjacent: focused_idx=9, total_count=20, dir=ArrowUp
[19:32:38.894] navigate_adjacent succeeded: Some("D:\\Projects\\active\\QuickLook\\concept.md")
[19:32:42.580] navigate_adjacent: focused_idx=8, total_count=20, dir=ArrowUp
[19:32:42.595] navigate_adjacent succeeded: Some("D:\\Projects\\active\\QuickLook\\.gitignore")
[19:32:44.781] navigate_adjacent: focused_idx=7, total_count=20, dir=ArrowDown
[19:32:44.791] navigate_adjacent succeeded: Some("D:\\Projects\\active\\QuickLook\\concept.md")
[19:32:45.860] navigate_adjacent: focused_idx=8, total_count=20, dir=ArrowDown
[19:32:45.871] navigate_adjacent succeeded: Some("D:\\Projects\\active\\QuickLook\\generate_icons.py")
[19:33:05.599] hide_and_reset called
[19:33:05.609] Restored foreground focus to Explorer HWND: HWND(0x142a8a)
[19:33:21.738] Space key DOWN event intercepted!
[19:33:21.738] Peekit window state: visible=false, is_focused=false, fg_hwnd=HWND(0x1b2734)
[19:33:21.738] is_explorer_check: hwnd=HWND(0x1b2734), class='Chrome_WidgetWin_1'
[19:33:21.738] process_check: pid=30460, path='c:\users\kobalt\appdata\local\programs\antigravity ide\antigravity ide.exe', is_exp=false
[19:33:21.739] is_explorer_or_desktop_active = false
[19:33:21.818] Space key UP event intercepted!
[19:33:25.130] Space key DOWN event intercepted!
[19:33:25.130] Peekit window state: visible=false, is_focused=false, fg_hwnd=HWND(0x1b2734)
[19:33:25.131] is_explorer_check: hwnd=HWND(0x1b2734), class='Chrome_WidgetWin_1'
[19:33:25.131] process_check: pid=30460, path='c:\users\kobalt\appdata\local\programs\antigravity ide\antigravity ide.exe', is_exp=false
[19:33:25.131] is_explorer_or_desktop_active = false
[19:33:25.242] Space key UP event intercepted!
[19:33:27.786] Space key DOWN event intercepted!
[19:33:27.787] Peekit window state: visible=false, is_focused=false, fg_hwnd=HWND(0x1b2734)
[19:33:27.787] is_explorer_check: hwnd=HWND(0x1b2734), class='Chrome_WidgetWin_1'
[19:33:27.787] process_check: pid=30460, path='c:\users\kobalt\appdata\local\programs\antigravity ide\antigravity ide.exe', is_exp=false
[19:33:27.787] is_explorer_or_desktop_active = false
[19:33:27.882] Space key UP event intercepted!
[19:33:31.603] Space key DOWN event intercepted!
[19:33:31.603] Peekit window state: visible=false, is_focused=false, fg_hwnd=HWND(0x1b2734)
[19:33:31.603] is_explorer_check: hwnd=HWND(0x1b2734), class='Chrome_WidgetWin_1'
[19:33:31.604] process_check: pid=30460, path='c:\users\kobalt\appdata\local\programs\antigravity ide\antigravity ide.exe', is_exp=false
[19:33:31.604] is_explorer_or_desktop_active = false
[19:33:31.667] Space key UP event intercepted!
[19:33:40.060] Space key DOWN event intercepted!
[19:33:40.060] Peekit window state: visible=false, is_focused=false, fg_hwnd=HWND(0x1b2734)
[19:33:40.060] is_explorer_check: hwnd=HWND(0x1b2734), class='Chrome_WidgetWin_1'
[19:33:40.060] process_check: pid=30460, path='c:\users\kobalt\appdata\local\programs\antigravity ide\antigravity ide.exe', is_exp=false
[19:33:40.060] is_explorer_or_desktop_active = false
[19:33:40.156] Space key UP event intercepted!
[19:33:40.692] Space key DOWN event intercepted!
[19:33:40.692] Peekit window state: visible=false, is_focused=false, fg_hwnd=HWND(0x1b2734)
[19:33:40.692] is_explorer_check: hwnd=HWND(0x1b2734), class='Chrome_WidgetWin_1'
[19:33:40.693] process_check: pid=30460, path='c:\users\kobalt\appdata\local\programs\antigravity ide\antigravity ide.exe', is_exp=false
[19:33:40.693] is_explorer_or_desktop_active = false
[19:33:40.788] Space key UP event intercepted!
[19:33:42.292] Space key DOWN event intercepted!
[19:33:42.292] Peekit window state: visible=false, is_focused=false, fg_hwnd=HWND(0x1b2734)
[19:33:42.292] is_explorer_check: hwnd=HWND(0x1b2734), class='Chrome_WidgetWin_1'
[19:33:42.293] process_check: pid=30460, path='c:\users\kobalt\appdata\local\programs\antigravity ide\antigravity ide.exe', is_exp=false
[19:33:42.293] is_explorer_or_desktop_active = false
[19:33:42.388] Space key UP event intercepted!
[19:33:43.236] Space key DOWN event intercepted!
[19:33:43.236] Peekit window state: visible=false, is_focused=false, fg_hwnd=HWND(0x1b2734)
[19:33:43.236] is_explorer_check: hwnd=HWND(0x1b2734), class='Chrome_WidgetWin_1'
[19:33:43.237] process_check: pid=30460, path='c:\users\kobalt\appdata\local\programs\antigravity ide\antigravity ide.exe', is_exp=false
[19:33:43.237] is_explorer_or_desktop_active = false
[19:33:43.316] Space key UP event intercepted!
[19:33:52.806] Space key DOWN event intercepted!
[19:33:52.806] Peekit window state: visible=false, is_focused=false, fg_hwnd=HWND(0x1b2734)
[19:33:52.806] is_explorer_check: hwnd=HWND(0x1b2734), class='Chrome_WidgetWin_1'
[19:33:52.806] process_check: pid=30460, path='c:\users\kobalt\appdata\local\programs\antigravity ide\antigravity ide.exe', is_exp=false
[19:33:52.806] is_explorer_or_desktop_active = false
[19:33:52.885] Space key UP event intercepted!
[19:33:56.246] Space key DOWN event intercepted!
[19:33:56.246] Peekit window state: visible=false, is_focused=false, fg_hwnd=HWND(0x1b2734)
[19:33:56.246] is_explorer_check: hwnd=HWND(0x1b2734), class='Chrome_WidgetWin_1'
[19:33:56.246] process_check: pid=30460, path='c:\users\kobalt\appdata\local\programs\antigravity ide\antigravity ide.exe', is_exp=false
[19:33:56.246] is_explorer_or_desktop_active = false
[19:33:56.342] Space key UP event intercepted!
[19:33:57.918] Space key DOWN event intercepted!
[19:33:57.918] Peekit window state: visible=false, is_focused=false, fg_hwnd=HWND(0x1b2734)
[19:33:57.918] is_explorer_check: hwnd=HWND(0x1b2734), class='Chrome_WidgetWin_1'
[19:33:57.918] process_check: pid=30460, path='c:\users\kobalt\appdata\local\programs\antigravity ide\antigravity ide.exe', is_exp=false
[19:33:57.918] is_explorer_or_desktop_active = false
[19:33:58.014] Space key UP event intercepted!
[19:33:59.486] Space key DOWN event intercepted!
[19:33:59.486] Peekit window state: visible=false, is_focused=false, fg_hwnd=HWND(0x1b2734)
[19:33:59.486] is_explorer_check: hwnd=HWND(0x1b2734), class='Chrome_WidgetWin_1'
[19:33:59.487] process_check: pid=30460, path='c:\users\kobalt\appdata\local\programs\antigravity ide\antigravity ide.exe', is_exp=false
[19:33:59.487] is_explorer_or_desktop_active = false
[19:33:59.582] Space key UP event intercepted!
[19:34:05.063] Space key DOWN event intercepted!
[19:34:05.063] Peekit window state: visible=false, is_focused=false, fg_hwnd=HWND(0x1b2734)
[19:34:05.063] is_explorer_check: hwnd=HWND(0x1b2734), class='Chrome_WidgetWin_1'
[19:34:05.063] process_check: pid=30460, path='c:\users\kobalt\appdata\local\programs\antigravity ide\antigravity ide.exe', is_exp=false
[19:34:05.063] is_explorer_or_desktop_active = false
[19:34:05.159] Space key UP event intercepted!
[19:34:08.935] Space key DOWN event intercepted!
[19:34:08.935] Peekit window state: visible=false, is_focused=false, fg_hwnd=HWND(0x1b2734)
[19:34:08.935] is_explorer_check: hwnd=HWND(0x1b2734), class='Chrome_WidgetWin_1'
[19:34:08.935] process_check: pid=30460, path='c:\users\kobalt\appdata\local\programs\antigravity ide\antigravity ide.exe', is_exp=false
[19:34:08.935] is_explorer_or_desktop_active = false
[19:34:09.015] Space key UP event intercepted!
[19:34:10.487] Space key DOWN event intercepted!
[19:34:10.487] Peekit window state: visible=false, is_focused=false, fg_hwnd=HWND(0x1b2734)
[19:34:10.488] is_explorer_check: hwnd=HWND(0x1b2734), class='Chrome_WidgetWin_1'
[19:34:10.488] process_check: pid=30460, path='c:\users\kobalt\appdata\local\programs\antigravity ide\antigravity ide.exe', is_exp=false
[19:34:10.488] is_explorer_or_desktop_active = false
[19:34:10.567] Space key UP event intercepted!
[19:45:33.168] setup starting
[19:45:33.175] Tray created: id=TrayIconId("main_tray")
[19:45:33.175] start_hook (main thread): successfully installed hook_id=HHOOK(0x1e3749)
[19:45:33.175] setup completed successfully
[19:45:42.243] Space key DOWN event intercepted!
[19:45:42.243] Peekit window state: visible=false, is_focused=false, fg_hwnd=HWND(0x142a8a)
[19:45:42.244] is_explorer_check: hwnd=HWND(0x142a8a), class='CabinetWClass'
[19:45:42.244] is_explorer_or_desktop_active = true
[19:45:42.244] focus_control: hwnd=HWND(0x1605b4), class='DirectUIHWND'
[19:45:42.244] is_user_typing_text = false
[19:45:42.248] get_selected_paths: target_hwnd=HWND(0x142a8a), class='CabinetWClass', title='quicklook — проводник', shell_windows_count=5
[19:45:42.255] item 0: is_hwnd_match=false, loc='загрузки', count=1
[19:45:42.262] item 1: is_hwnd_match=false, loc='minibin', count=1
[19:45:42.264] item 2: is_hwnd_match=true, loc='quicklook', count=1
[19:45:42.264] Exact HWND match! Returning 1 files
[19:45:42.264] Worker thread got 1 files, active: D:\Projects\active\QuickLook\generate_icons.py
[19:45:42.281] window.show: Ok(()), set_focus: Ok(())
[19:45:44.839] hide_and_reset called
[19:45:44.847] Restored foreground focus to Explorer HWND: HWND(0x142a8a)
[19:45:45.980] Space key DOWN event intercepted!
[19:45:45.980] Peekit window state: visible=false, is_focused=false, fg_hwnd=HWND(0x142a8a)
[19:45:45.980] is_explorer_check: hwnd=HWND(0x142a8a), class='CabinetWClass'
[19:45:45.980] is_explorer_or_desktop_active = true
[19:45:45.980] focus_control: hwnd=HWND(0x1605b4), class='DirectUIHWND'
[19:45:45.980] is_user_typing_text = false
[19:45:45.982] get_selected_paths: target_hwnd=HWND(0x142a8a), class='CabinetWClass', title='quicklook — проводник', shell_windows_count=5
[19:45:45.984] item 0: is_hwnd_match=false, loc='загрузки', count=1
[19:45:45.986] item 1: is_hwnd_match=false, loc='minibin', count=1
[19:45:45.988] item 2: is_hwnd_match=true, loc='quicklook', count=1
[19:45:45.988] Exact HWND match! Returning 1 files
[19:45:45.989] Worker thread got 1 files, active: D:\Projects\active\QuickLook\icon.ico
[19:45:46.004] window.show: Ok(()), set_focus: Ok(())
[19:45:46.774] hide_and_reset called
[19:45:46.781] Restored foreground focus to Explorer HWND: HWND(0x142a8a)
[19:45:48.420] Space key DOWN event intercepted!
[19:45:48.421] Peekit window state: visible=false, is_focused=false, fg_hwnd=HWND(0x142a8a)
[19:45:48.422] is_explorer_check: hwnd=HWND(0x142a8a), class='CabinetWClass'
[19:45:48.422] is_explorer_or_desktop_active = true
[19:45:48.422] focus_control: hwnd=HWND(0x1605b4), class='DirectUIHWND'
[19:45:48.422] is_user_typing_text = false
[19:45:48.428] get_selected_paths: target_hwnd=HWND(0x142a8a), class='CabinetWClass', title='quicklook — проводник', shell_windows_count=5
[19:45:48.431] item 0: is_hwnd_match=false, loc='загрузки', count=1
[19:45:48.434] item 1: is_hwnd_match=false, loc='minibin', count=1
[19:45:48.437] item 2: is_hwnd_match=true, loc='quicklook', count=1
[19:45:48.437] Exact HWND match! Returning 1 files
[19:45:48.437] Worker thread got 1 files, active: D:\Projects\active\QuickLook\peekit_icon.svg
[19:45:48.452] window.show: Ok(()), set_focus: Ok(())
[19:45:50.295] hide_and_reset called
[19:45:50.302] Restored foreground focus to Explorer HWND: HWND(0x142a8a)
[19:45:53.212] Space key DOWN event intercepted!
[19:45:53.213] Peekit window state: visible=false, is_focused=false, fg_hwnd=HWND(0x142a8a)
[19:45:53.213] is_explorer_check: hwnd=HWND(0x142a8a), class='CabinetWClass'
[19:45:53.213] is_explorer_or_desktop_active = true
[19:45:53.213] focus_control: hwnd=HWND(0x1605b4), class='DirectUIHWND'
[19:45:53.213] is_user_typing_text = false
[19:45:53.216] get_selected_paths: target_hwnd=HWND(0x142a8a), class='CabinetWClass', title='quicklook — проводник', shell_windows_count=5
[19:45:53.218] item 0: is_hwnd_match=false, loc='загрузки', count=1
[19:45:53.219] item 1: is_hwnd_match=false, loc='minibin', count=1
[19:45:53.220] item 2: is_hwnd_match=true, loc='quicklook', count=1
[19:45:53.221] Exact HWND match! Returning 1 files
[19:45:53.221] Worker thread got 1 files, active: D:\Projects\active\QuickLook\generate_icons.py
[19:45:53.246] window.show: Ok(()), set_focus: Ok(())
[19:45:54.407] hide_and_reset called
[19:45:54.415] Restored foreground focus to Explorer HWND: HWND(0x142a8a)
[19:45:55.997] Space key DOWN event intercepted!
[19:45:55.997] Peekit window state: visible=false, is_focused=false, fg_hwnd=HWND(0x142a8a)
[19:45:55.997] is_explorer_check: hwnd=HWND(0x142a8a), class='CabinetWClass'
[19:45:55.997] is_explorer_or_desktop_active = true
[19:45:55.997] focus_control: hwnd=HWND(0x1605b4), class='DirectUIHWND'
[19:45:55.997] is_user_typing_text = false
[19:45:56.000] get_selected_paths: target_hwnd=HWND(0x142a8a), class='CabinetWClass', title='quicklook — проводник', shell_windows_count=5
[19:45:56.002] item 0: is_hwnd_match=false, loc='загрузки', count=1
[19:45:56.003] item 1: is_hwnd_match=false, loc='minibin', count=1
[19:45:56.005] item 2: is_hwnd_match=true, loc='quicklook', count=1
[19:45:56.005] Exact HWND match! Returning 1 files
[19:45:56.005] Worker thread got 1 files, active: D:\Projects\active\QuickLook\concept.md
[19:45:56.022] window.show: Ok(()), set_focus: Ok(())
[19:45:56.880] hide_and_reset called
[19:45:56.886] Restored foreground focus to Explorer HWND: HWND(0x142a8a)
[19:45:59.717] Space key DOWN event intercepted!
[19:45:59.717] Peekit window state: visible=false, is_focused=false, fg_hwnd=HWND(0x142a8a)
[19:45:59.717] is_explorer_check: hwnd=HWND(0x142a8a), class='CabinetWClass'
[19:45:59.717] is_explorer_or_desktop_active = true
[19:45:59.717] focus_control: hwnd=HWND(0x1605b4), class='DirectUIHWND'
[19:45:59.717] is_user_typing_text = false
[19:45:59.720] get_selected_paths: target_hwnd=HWND(0x142a8a), class='CabinetWClass', title='quicklook — проводник', shell_windows_count=5
[19:45:59.723] item 0: is_hwnd_match=false, loc='загрузки', count=1
[19:45:59.725] item 1: is_hwnd_match=false, loc='minibin', count=1
[19:45:59.728] item 2: is_hwnd_match=true, loc='quicklook', count=1
[19:45:59.728] Exact HWND match! Returning 1 files
[19:45:59.728] Worker thread got 1 files, active: D:\Projects\active\QuickLook\svelte.config.js
[19:45:59.741] window.show: Ok(()), set_focus: Ok(())
[19:46:00.776] hide_and_reset called
[19:46:00.784] Restored foreground focus to Explorer HWND: HWND(0x142a8a)
[19:46:02.990] Space key DOWN event intercepted!
[19:46:02.990] Peekit window state: visible=false, is_focused=false, fg_hwnd=HWND(0x142a8a)
[19:46:02.990] is_explorer_check: hwnd=HWND(0x142a8a), class='CabinetWClass'
[19:46:02.990] is_explorer_or_desktop_active = true
[19:46:02.990] focus_control: hwnd=HWND(0x1605b4), class='DirectUIHWND'
[19:46:02.990] is_user_typing_text = false
[19:46:02.993] get_selected_paths: target_hwnd=HWND(0x142a8a), class='CabinetWClass', title='quicklook — проводник', shell_windows_count=5
[19:46:02.995] item 0: is_hwnd_match=false, loc='загрузки', count=1
[19:46:02.996] item 1: is_hwnd_match=false, loc='minibin', count=1
[19:46:02.998] item 2: is_hwnd_match=true, loc='quicklook', count=1
[19:46:02.998] Exact HWND match! Returning 1 files
[19:46:02.998] Worker thread got 1 files, active: D:\Projects\active\QuickLook\tsconfig.json
[19:46:03.015] window.show: Ok(()), set_focus: Ok(())
[19:46:03.952] hide_and_reset called
[19:46:03.961] Restored foreground focus to Explorer HWND: HWND(0x142a8a)
[19:52:05.868] Settings menu clicked
[19:52:22.438] hide_and_reset called
[19:52:22.456] Restored foreground focus to Explorer HWND: HWND(0x142a8a)
[19:52:22.456] hide_and_reset called
[19:52:22.456] Restored foreground focus to Explorer HWND: HWND(0x142a8a)
[19:52:25.476] Settings menu clicked
[19:52:28.876] hide_and_reset called
[19:52:28.885] Restored foreground focus to Explorer HWND: HWND(0x142a8a)
[19:52:28.885] hide_and_reset called
[19:52:28.885] Restored foreground focus to Explorer HWND: HWND(0x142a8a)
[19:52:31.545] Settings menu clicked
[19:52:33.135] hide_and_reset called
[19:52:33.142] Restored foreground focus to Explorer HWND: HWND(0x142a8a)
[19:52:36.977] Space key DOWN event intercepted!
[19:52:36.977] Peekit window state: visible=false, is_focused=false, fg_hwnd=HWND(0x142a8a)
[19:52:36.977] is_explorer_check: hwnd=HWND(0x142a8a), class='CabinetWClass'
[19:52:36.977] is_explorer_or_desktop_active = true
[19:52:36.977] focus_control: hwnd=HWND(0x1605b4), class='DirectUIHWND'
[19:52:36.977] is_user_typing_text = false
[19:52:36.981] get_selected_paths: target_hwnd=HWND(0x142a8a), class='CabinetWClass', title='quicklook — проводник', shell_windows_count=5
[19:52:36.984] item 0: is_hwnd_match=false, loc='загрузки', count=1
[19:52:36.985] item 1: is_hwnd_match=false, loc='minibin', count=1
[19:52:36.987] item 2: is_hwnd_match=true, loc='quicklook', count=1
[19:52:36.987] Exact HWND match! Returning 1 files
[19:52:36.988] Worker thread got 1 files, active: D:\Projects\active\QuickLook\generate_icons.py
[19:52:37.004] window.show: Ok(()), set_focus: Ok(())
[19:52:53.912] Settings menu clicked
[19:54:00.267] Space key DOWN event intercepted!
[19:54:00.267] Peekit window state: visible=true, is_focused=false, fg_hwnd=HWND(0x1b2734)
[19:54:00.267] is_explorer_check: hwnd=HWND(0x1b2734), class='Chrome_WidgetWin_1'
[19:54:00.267] process_check: pid=30460, path='c:\users\kobalt\appdata\local\programs\antigravity ide\antigravity ide.exe', is_exp=false
[19:54:00.267] is_explorer_or_desktop_active = false
[19:54:00.362] Space key UP event intercepted!
[19:54:04.763] Space key DOWN event intercepted!
[19:54:04.763] Peekit window state: visible=true, is_focused=false, fg_hwnd=HWND(0x1b2734)
[19:54:04.763] is_explorer_check: hwnd=HWND(0x1b2734), class='Chrome_WidgetWin_1'
[19:54:04.763] process_check: pid=30460, path='c:\users\kobalt\appdata\local\programs\antigravity ide\antigravity ide.exe', is_exp=false
[19:54:04.763] is_explorer_or_desktop_active = false
[19:54:04.843] Space key UP event intercepted!
[19:54:08.331] Space key DOWN event intercepted!
[19:54:08.331] Peekit window state: visible=true, is_focused=false, fg_hwnd=HWND(0x1b2734)
[19:54:08.331] is_explorer_check: hwnd=HWND(0x1b2734), class='Chrome_WidgetWin_1'
[19:54:08.332] process_check: pid=30460, path='c:\users\kobalt\appdata\local\programs\antigravity ide\antigravity ide.exe', is_exp=false
[19:54:08.332] is_explorer_or_desktop_active = false
[19:54:08.427] Space key UP event intercepted!
[20:02:21.473] Space key DOWN event intercepted!
[20:02:21.473] Peekit window state: visible=true, is_focused=false, fg_hwnd=HWND(0x1b2734)
[20:02:21.473] is_explorer_check: hwnd=HWND(0x1b2734), class='Chrome_WidgetWin_1'
[20:02:21.474] process_check: pid=30460, path='c:\users\kobalt\appdata\local\programs\antigravity ide\antigravity ide.exe', is_exp=false
[20:02:21.474] is_explorer_or_desktop_active = false
[20:02:21.585] Space key UP event intercepted!
[20:02:21.865] Space key DOWN event intercepted!
[20:02:21.865] Peekit window state: visible=true, is_focused=false, fg_hwnd=HWND(0x1b2734)
[20:02:21.865] is_explorer_check: hwnd=HWND(0x1b2734), class='Chrome_WidgetWin_1'
[20:02:21.866] process_check: pid=30460, path='c:\users\kobalt\appdata\local\programs\antigravity ide\antigravity ide.exe', is_exp=false
[20:02:21.866] is_explorer_or_desktop_active = false
[20:02:22.025] Space key UP event intercepted!
[20:06:39.423] setup starting
[20:06:39.424] Tray created: id=TrayIconId("main_tray")
[20:06:39.424] start_hook (main thread): successfully installed hook_id=HHOOK(0xcf37b9)
[20:06:39.424] setup completed successfully
[20:08:21.081] setup starting
[20:08:21.087] Tray created: id=TrayIconId("main_tray")
[20:08:21.087] start_hook (main thread): successfully installed hook_id=HHOOK(0x6230cf)
[20:08:21.087] setup completed successfully
[20:08:26.617] Space key DOWN event intercepted!
[20:08:26.618] Peekit window state: visible=false, is_focused=false, fg_hwnd=HWND(0x142a8a)
[20:08:26.618] is_explorer_check: hwnd=HWND(0x142a8a), class='CabinetWClass'
[20:08:26.618] is_explorer_or_desktop_active = true
[20:08:26.618] focus_control: hwnd=HWND(0x1605b4), class='DirectUIHWND'
[20:08:26.618] is_user_typing_text = false
[20:08:26.624] get_selected_paths: target_hwnd=HWND(0x142a8a), class='CabinetWClass', title='quicklook — проводник', shell_windows_count=5
[20:08:26.631] item 0: is_hwnd_match=false, loc='загрузки', count=1
[20:08:26.637] item 1: is_hwnd_match=false, loc='minibin', count=1
[20:08:26.639] item 2: is_hwnd_match=true, loc='quicklook', count=1
[20:08:26.639] Exact HWND match! Returning 1 files
[20:08:26.639] Worker thread got 1 files, active: D:\Projects\active\QuickLook\generate_icons.py
[20:08:26.650] Space key UP event intercepted!
[20:08:26.656] window.show: Ok(()), set_focus: Ok(())
[20:08:29.126] navigate_adjacent: focused_idx=8, total_count=21, dir=ArrowDown
[20:08:29.143] navigate_adjacent succeeded: Some("D:\\Projects\\active\\QuickLook\\icon.ico")
[20:08:30.224] navigate_adjacent: focused_idx=9, total_count=21, dir=ArrowDown
[20:08:30.236] navigate_adjacent succeeded: Some("D:\\Projects\\active\\QuickLook\\icon.png")
[20:08:30.928] navigate_adjacent: focused_idx=10, total_count=21, dir=ArrowDown
[20:08:30.940] navigate_adjacent succeeded: Some("D:\\Projects\\active\\QuickLook\\LICENSE")
[20:08:31.696] navigate_adjacent: focused_idx=11, total_count=21, dir=ArrowDown
[20:08:31.712] navigate_adjacent succeeded: Some("D:\\Projects\\active\\QuickLook\\package.json")
[20:08:32.576] navigate_adjacent: focused_idx=12, total_count=21, dir=ArrowDown
[20:08:32.591] navigate_adjacent succeeded: Some("D:\\Projects\\active\\QuickLook\\package-lock.json")
[20:08:33.225] navigate_adjacent: focused_idx=13, total_count=21, dir=ArrowDown
[20:08:33.235] navigate_adjacent succeeded: Some("D:\\Projects\\active\\QuickLook\\peekit_icon.svg")
[20:08:33.880] navigate_adjacent: focused_idx=14, total_count=21, dir=ArrowDown
[20:08:33.894] navigate_adjacent succeeded: Some("D:\\Projects\\active\\QuickLook\\README.md")
[20:08:34.706] navigate_adjacent: focused_idx=15, total_count=21, dir=ArrowDown
[20:08:34.722] navigate_adjacent succeeded: Some("D:\\Projects\\active\\QuickLook\\svelte.config.js")
[20:08:35.206] navigate_adjacent: focused_idx=16, total_count=21, dir=ArrowDown
[20:08:35.230] navigate_adjacent succeeded: Some("D:\\Projects\\active\\QuickLook\\tsconfig.json")
[20:08:35.788] navigate_adjacent: focused_idx=17, total_count=21, dir=ArrowUp
[20:08:35.806] navigate_adjacent succeeded: Some("D:\\Projects\\active\\QuickLook\\svelte.config.js")
[20:08:36.026] navigate_adjacent: focused_idx=16, total_count=21, dir=ArrowUp
[20:08:36.027] navigate_adjacent succeeded: Some("D:\\Projects\\active\\QuickLook\\README.md")
[20:08:36.225] navigate_adjacent: focused_idx=15, total_count=21, dir=ArrowUp
[20:08:36.227] navigate_adjacent succeeded: Some("D:\\Projects\\active\\QuickLook\\peekit_icon.svg")
[20:08:36.444] navigate_adjacent: focused_idx=14, total_count=21, dir=ArrowUp
[20:08:36.445] navigate_adjacent succeeded: Some("D:\\Projects\\active\\QuickLook\\package-lock.json")
[20:08:36.632] navigate_adjacent: focused_idx=13, total_count=21, dir=ArrowUp
[20:08:36.634] navigate_adjacent succeeded: Some("D:\\Projects\\active\\QuickLook\\package.json")
[20:08:36.841] navigate_adjacent: focused_idx=12, total_count=21, dir=ArrowUp
[20:08:36.843] navigate_adjacent succeeded: Some("D:\\Projects\\active\\QuickLook\\LICENSE")
[20:08:37.025] navigate_adjacent: focused_idx=11, total_count=21, dir=ArrowUp
[20:08:37.026] navigate_adjacent succeeded: Some("D:\\Projects\\active\\QuickLook\\icon.png")
[20:08:37.233] navigate_adjacent: focused_idx=10, total_count=21, dir=ArrowUp
[20:08:37.234] navigate_adjacent succeeded: Some("D:\\Projects\\active\\QuickLook\\icon.ico")
[20:08:37.432] navigate_adjacent: focused_idx=9, total_count=21, dir=ArrowUp
[20:08:37.435] navigate_adjacent succeeded: Some("D:\\Projects\\active\\QuickLook\\generate_icons.py")
[20:08:37.625] navigate_adjacent: focused_idx=8, total_count=21, dir=ArrowUp
[20:08:37.627] navigate_adjacent succeeded: Some("D:\\Projects\\active\\QuickLook\\concept.md")
[20:08:37.825] navigate_adjacent: focused_idx=7, total_count=21, dir=ArrowUp
[20:08:37.827] navigate_adjacent succeeded: Some("D:\\Projects\\active\\QuickLook\\.gitignore")
[20:08:38.016] navigate_adjacent: focused_idx=6, total_count=21, dir=ArrowUp
[20:08:38.017] navigate_adjacent succeeded: Some("D:\\Projects\\active\\QuickLook\\website")
[20:08:48.708] Space key DOWN event intercepted!
[20:08:48.708] Peekit window state: visible=true, is_focused=false, fg_hwnd=HWND(0x142a8a)
[20:08:48.708] is_explorer_check: hwnd=HWND(0x142a8a), class='CabinetWClass'
[20:08:48.708] is_explorer_or_desktop_active = true
[20:08:48.708] focus_control: hwnd=HWND(0x4a2fa6), class='DirectUIHWND'
[20:08:48.708] is_user_typing_text = false
[20:08:48.711] get_selected_paths: target_hwnd=HWND(0x142a8a), class='CabinetWClass', title='website — проводник', shell_windows_count=5
[20:08:48.713] item 0: is_hwnd_match=false, loc='загрузки', count=1
[20:08:48.715] item 1: is_hwnd_match=false, loc='minibin', count=1
[20:08:48.716] item 2: is_hwnd_match=true, loc='website', count=1
[20:08:48.716] Exact HWND match! Returning 1 files
[20:08:48.717] Worker thread got 1 files, active: D:\Projects\active\QuickLook\website\analysis_options.yaml
[20:08:48.726] window.show: Ok(()), set_focus: Ok(())
[20:08:50.003] navigate_adjacent: focused_idx=4, total_count=7, dir=ArrowDown
[20:08:50.016] navigate_adjacent succeeded: Some("D:\\Projects\\active\\QuickLook\\website\\pubspec.lock")
[20:08:50.336] hide_and_reset called
[20:08:50.346] Restored foreground focus to Explorer HWND: HWND(0x142a8a)
[20:08:50.428] Space key UP event intercepted!
[20:08:53.412] Space key DOWN event intercepted!
[20:08:53.412] Peekit window state: visible=false, is_focused=false, fg_hwnd=HWND(0x142a8a)
[20:08:53.413] is_explorer_check: hwnd=HWND(0x142a8a), class='CabinetWClass'
[20:08:53.413] is_explorer_or_desktop_active = true
[20:08:53.413] focus_control: hwnd=HWND(0x470196), class='Edit'
[20:08:53.413] is_user_typing_text = true
[20:08:53.508] Space key UP event intercepted!
[20:08:59.053] Space key DOWN event intercepted!
[20:08:59.053] Peekit window state: visible=false, is_focused=false, fg_hwnd=HWND(0x142a8a)
[20:08:59.053] is_explorer_check: hwnd=HWND(0x142a8a), class='CabinetWClass'
[20:08:59.053] is_explorer_or_desktop_active = true
[20:08:59.054] focus_control: hwnd=HWND(0x4a2fa6), class='DirectUIHWND'
[20:08:59.054] is_user_typing_text = false
[20:08:59.056] get_selected_paths: target_hwnd=HWND(0x142a8a), class='CabinetWClass', title='website — проводник', shell_windows_count=5
[20:08:59.058] item 0: is_hwnd_match=false, loc='загрузки', count=1
[20:08:59.060] item 1: is_hwnd_match=false, loc='minibin', count=1
[20:08:59.062] item 2: is_hwnd_match=true, loc='website', count=1
[20:08:59.062] Exact HWND match! Returning 1 files
[20:08:59.062] Worker thread got 1 files, active: D:\Projects\active\QuickLook\website\pubspec.lock
[20:08:59.080] window.show: Ok(()), set_focus: Ok(())
[20:09:00.641] hide_and_reset called
[20:09:00.649] Restored foreground focus to Explorer HWND: HWND(0x142a8a)
[20:09:02.293] Space key DOWN event intercepted!
[20:09:02.293] Peekit window state: visible=false, is_focused=false, fg_hwnd=HWND(0x142a8a)
[20:09:02.293] is_explorer_check: hwnd=HWND(0x142a8a), class='CabinetWClass'
[20:09:02.294] is_explorer_or_desktop_active = true
[20:09:02.294] focus_control: hwnd=HWND(0x4a2fa6), class='DirectUIHWND'
[20:09:02.294] is_user_typing_text = false
[20:09:02.314] get_selected_paths: target_hwnd=HWND(0x142a8a), class='CabinetWClass', title='website — проводник', shell_windows_count=5
[20:09:02.337] item 0: is_hwnd_match=false, loc='загрузки', count=1
[20:09:02.342] Space key UP event intercepted!
[20:09:02.350] item 1: is_hwnd_match=false, loc='minibin', count=1
[20:09:02.369] item 2: is_hwnd_match=true, loc='website', count=1
[20:09:02.369] Exact HWND match! Returning 1 files
[20:09:02.370] Worker thread got 1 files, active: D:\Projects\active\QuickLook\website\pubspec.yaml
[20:09:02.394] window.show: Ok(()), set_focus: Ok(())
[20:09:02.984] hide_and_reset called
[20:09:02.990] Restored foreground focus to Explorer HWND: HWND(0x142a8a)
[20:09:11.278] Space key DOWN event intercepted!
[20:09:11.278] Peekit window state: visible=false, is_focused=false, fg_hwnd=HWND(0x1b2734)
[20:09:11.278] is_explorer_check: hwnd=HWND(0x1b2734), class='Chrome_WidgetWin_1'
[20:09:11.279] process_check: pid=30460, path='c:\users\kobalt\appdata\local\programs\antigravity ide\antigravity ide.exe', is_exp=false
[20:09:11.279] is_explorer_or_desktop_active = false
[20:09:11.406] Space key UP event intercepted!
[20:09:12.366] Space key DOWN event intercepted!
[20:09:12.367] Peekit window state: visible=false, is_focused=false, fg_hwnd=HWND(0x1b2734)
[20:09:12.367] is_explorer_check: hwnd=HWND(0x1b2734), class='Chrome_WidgetWin_1'
[20:09:12.367] process_check: pid=30460, path='c:\users\kobalt\appdata\local\programs\antigravity ide\antigravity ide.exe', is_exp=false
[20:09:12.367] is_explorer_or_desktop_active = false
[20:09:12.430] Space key UP event intercepted!
[20:09:18.319] Space key DOWN event intercepted!
[20:09:18.319] Peekit window state: visible=false, is_focused=false, fg_hwnd=HWND(0x1b2734)
[20:09:18.319] is_explorer_check: hwnd=HWND(0x1b2734), class='Chrome_WidgetWin_1'
[20:09:18.319] process_check: pid=30460, path='c:\users\kobalt\appdata\local\programs\antigravity ide\antigravity ide.exe', is_exp=false
[20:09:18.319] is_explorer_or_desktop_active = false
[20:09:18.511] Space key UP event intercepted!
[20:10:34.567] Space key DOWN event intercepted!
[20:10:34.568] Peekit window state: visible=false, is_focused=false, fg_hwnd=HWND(0x10153a)
[20:10:34.568] is_explorer_check: hwnd=HWND(0x10153a), class='CabinetWClass'
[20:10:34.568] is_explorer_or_desktop_active = true
[20:10:34.568] focus_control: hwnd=HWND(0xf2958), class='DirectUIHWND'
[20:10:34.568] is_user_typing_text = false
[20:10:34.571] get_selected_paths: target_hwnd=HWND(0x10153a), class='CabinetWClass', title='minibin — проводник', shell_windows_count=5
[20:10:34.574] item 0: is_hwnd_match=false, loc='загрузки', count=1
[20:10:34.576] item 1: is_hwnd_match=true, loc='minibin', count=1
[20:10:34.576] Exact HWND match! Returning 1 files
[20:10:34.576] Worker thread got 1 files, active: d:\Users\Kobalt\Downloads\MiniBin\eye-sharp.svg
[20:10:34.592] window.show: Ok(()), set_focus: Ok(())
[20:10:45.361] Space key DOWN event intercepted!
[20:10:45.361] Peekit window state: visible=true, is_focused=false, fg_hwnd=HWND(0x10153a)
[20:10:45.361] is_explorer_check: hwnd=HWND(0x10153a), class='CabinetWClass'
[20:10:45.361] is_explorer_or_desktop_active = true
[20:10:45.361] focus_control: hwnd=HWND(0xf2958), class='DirectUIHWND'
[20:10:45.361] is_user_typing_text = false
[20:10:45.364] get_selected_paths: target_hwnd=HWND(0x10153a), class='CabinetWClass', title='minibin — проводник', shell_windows_count=5
[20:10:45.365] item 0: is_hwnd_match=false, loc='загрузки', count=1
[20:10:45.367] item 1: is_hwnd_match=true, loc='minibin', count=1
[20:10:45.367] Exact HWND match! Returning 1 files
[20:10:45.367] Worker thread got 1 files, active: d:\Users\Kobalt\Downloads\MiniBin\trash.png
[20:10:45.376] window.show: Ok(()), set_focus: Ok(())
[20:10:46.534] navigate_adjacent: focused_idx=3, total_count=5, dir=ArrowUp
[20:10:46.550] navigate_adjacent succeeded: Some("d:\\Users\\Kobalt\\Downloads\\MiniBin\\trash.svg")
[20:10:47.302] navigate_adjacent: focused_idx=2, total_count=5, dir=ArrowUp
[20:10:47.314] navigate_adjacent succeeded: Some("d:\\Users\\Kobalt\\Downloads\\MiniBin\\full-trash.svg")
[20:10:47.951] navigate_adjacent: focused_idx=1, total_count=5, dir=ArrowUp
[20:10:47.964] navigate_adjacent succeeded: Some("d:\\Users\\Kobalt\\Downloads\\MiniBin\\eye-sharp.svg")
[20:10:48.798] navigate_adjacent: focused_idx=0, total_count=5, dir=ArrowUp
[20:10:48.810] navigate_adjacent succeeded: Some("d:\\Users\\Kobalt\\Downloads\\MiniBin\\eye-sharp.svg")
[20:10:49.662] navigate_adjacent: focused_idx=0, total_count=5, dir=ArrowDown
[20:10:49.674] navigate_adjacent succeeded: Some("d:\\Users\\Kobalt\\Downloads\\MiniBin\\full-trash.svg")
[20:10:49.911] navigate_adjacent: focused_idx=1, total_count=5, dir=ArrowDown
[20:10:49.913] navigate_adjacent succeeded: Some("d:\\Users\\Kobalt\\Downloads\\MiniBin\\trash.svg")
[20:10:50.140] navigate_adjacent: focused_idx=2, total_count=5, dir=ArrowDown
[20:10:50.143] navigate_adjacent succeeded: Some("d:\\Users\\Kobalt\\Downloads\\MiniBin\\trash.png")
[20:10:50.367] navigate_adjacent: focused_idx=3, total_count=5, dir=ArrowDown
[20:10:50.370] navigate_adjacent succeeded: Some("d:\\Users\\Kobalt\\Downloads\\MiniBin\\trash-1.svg")
[20:10:51.908] hide_and_reset called
[20:10:51.921] Restored foreground focus to Explorer HWND: HWND(0x10153a)
[20:15:26.432] Space key DOWN event intercepted!
[20:15:26.432] Peekit window state: visible=false, is_focused=false, fg_hwnd=HWND(0x1b2734)
[20:15:26.432] is_explorer_check: hwnd=HWND(0x1b2734), class='Chrome_WidgetWin_1'
[20:15:26.432] process_check: pid=30460, path='c:\users\kobalt\appdata\local\programs\antigravity ide\antigravity ide.exe', is_exp=false
[20:15:26.432] is_explorer_or_desktop_active = false
[20:15:26.527] Space key UP event intercepted!
[20:15:27.000] Space key DOWN event intercepted!
[20:15:27.000] Peekit window state: visible=false, is_focused=false, fg_hwnd=HWND(0x1b2734)
[20:15:27.000] is_explorer_check: hwnd=HWND(0x1b2734), class='Chrome_WidgetWin_1'
[20:15:27.000] process_check: pid=30460, path='c:\users\kobalt\appdata\local\programs\antigravity ide\antigravity ide.exe', is_exp=false
[20:15:27.000] is_explorer_or_desktop_active = false
[20:15:27.112] Space key UP event intercepted!
[20:15:28.128] Space key DOWN event intercepted!
[20:15:28.128] Peekit window state: visible=false, is_focused=false, fg_hwnd=HWND(0x1b2734)
[20:15:28.128] is_explorer_check: hwnd=HWND(0x1b2734), class='Chrome_WidgetWin_1'
[20:15:28.128] process_check: pid=30460, path='c:\users\kobalt\appdata\local\programs\antigravity ide\antigravity ide.exe', is_exp=false
[20:15:28.128] is_explorer_or_desktop_active = false
[20:15:28.224] Space key UP event intercepted!
[20:22:34.288] setup starting
[20:22:34.289] Tray created: id=TrayIconId("main_tray")
[20:22:34.289] start_hook (main thread): successfully installed hook_id=HHOOK(0x833329)
[20:22:34.289] setup completed successfully
[20:24:09.529] setup starting
[20:24:09.538] Tray created: id=TrayIconId("main_tray")
[20:24:09.538] start_hook (main thread): successfully installed hook_id=HHOOK(0x1c3375)
[20:24:09.538] setup completed successfully
[20:24:21.602] Space key DOWN event intercepted!
[20:24:21.603] Peekit window state: visible=false, is_focused=false, fg_hwnd=HWND(0x142a8a)
[20:24:21.603] is_explorer_check: hwnd=HWND(0x142a8a), class='CabinetWClass'
[20:24:21.603] is_explorer_or_desktop_active = true
[20:24:21.603] focus_control: hwnd=HWND(0x4a2fa6), class='DirectUIHWND'
[20:24:21.603] is_user_typing_text = false
[20:24:21.608] get_selected_paths: target_hwnd=HWND(0x142a8a), class='CabinetWClass', title='website — проводник', shell_windows_count=5
[20:24:21.615] item 0: is_hwnd_match=false, loc='загрузки', count=1
[20:24:21.622] item 1: is_hwnd_match=false, loc='minibin', count=1
[20:24:21.624] item 2: is_hwnd_match=true, loc='website', count=1
[20:24:21.624] Exact HWND match! Returning 1 files
[20:24:21.625] Worker thread got 1 files, active: D:\Projects\active\QuickLook\website\pubspec.yaml
[20:24:21.625] window.show: Ok(()), set_focus: Ok(())
[20:24:21.682] Space key UP event intercepted!
[20:24:25.299] Space key DOWN event intercepted!
[20:24:25.299] Peekit window state: visible=false, is_focused=false, fg_hwnd=HWND(0x142a8a)
[20:24:25.299] is_explorer_check: hwnd=HWND(0x142a8a), class='CabinetWClass'
[20:24:25.299] is_explorer_or_desktop_active = true
[20:24:25.299] focus_control: hwnd=HWND(0x4a2fa6), class='DirectUIHWND'
[20:24:25.299] is_user_typing_text = false
[20:24:25.308] get_selected_paths: target_hwnd=HWND(0x142a8a), class='CabinetWClass', title='website — проводник', shell_windows_count=5
[20:24:25.311] item 0: is_hwnd_match=false, loc='загрузки', count=1
[20:24:25.314] item 1: is_hwnd_match=false, loc='minibin', count=1
[20:24:25.316] item 2: is_hwnd_match=true, loc='website', count=1
[20:24:25.316] Exact HWND match! Returning 1 files
[20:24:25.317] Worker thread got 1 files, active: D:\Projects\active\QuickLook\website\pubspec.yaml
[20:24:25.317] window.show: Ok(()), set_focus: Ok(())
[20:24:25.443] Space key UP event intercepted!
[20:24:26.699] Space key DOWN event intercepted!
[20:24:26.699] Peekit window state: visible=false, is_focused=false, fg_hwnd=HWND(0x142a8a)
[20:24:26.699] is_explorer_check: hwnd=HWND(0x142a8a), class='CabinetWClass'
[20:24:26.699] is_explorer_or_desktop_active = true
[20:24:26.700] focus_control: hwnd=HWND(0x4a2fa6), class='DirectUIHWND'
[20:24:26.700] is_user_typing_text = false
[20:24:26.702] get_selected_paths: target_hwnd=HWND(0x142a8a), class='CabinetWClass', title='website — проводник', shell_windows_count=5
[20:24:26.704] item 0: is_hwnd_match=false, loc='загрузки', count=1
[20:24:26.706] item 1: is_hwnd_match=false, loc='minibin', count=1
[20:24:26.707] item 2: is_hwnd_match=true, loc='website', count=1
[20:24:26.707] Exact HWND match! Returning 1 files
[20:24:26.708] Worker thread got 1 files, active: D:\Projects\active\QuickLook\website\pubspec.yaml
[20:24:26.708] window.show: Ok(()), set_focus: Ok(())
[20:24:26.836] Space key UP event intercepted!
[20:24:29.825] Settings menu clicked
[20:24:32.025] Settings menu clicked
[20:24:33.575] Quit menu clicked
[20:34:29.509] setup starting
[20:34:29.516] Tray created: id=TrayIconId("main_tray")
[20:34:29.516] start_hook (main thread): successfully installed hook_id=HHOOK(0x3313069)
[20:34:29.516] setup completed successfully
[20:34:33.334] Space key DOWN event intercepted!
[20:34:33.334] Peekit window state: visible=false, is_focused=false, fg_hwnd=HWND(0x142a8a)
[20:34:33.334] is_explorer_check: hwnd=HWND(0x142a8a), class='CabinetWClass'
[20:34:33.334] is_explorer_or_desktop_active = true
[20:34:33.335] focus_control: hwnd=HWND(0x4a2fa6), class='DirectUIHWND'
[20:34:33.335] is_user_typing_text = false
[20:34:33.341] get_selected_paths: target_hwnd=HWND(0x142a8a), class='CabinetWClass', title='website — проводник', shell_windows_count=5
[20:34:33.347] item 0: is_hwnd_match=false, loc='загрузки', count=1
[20:34:33.354] item 1: is_hwnd_match=false, loc='minibin', count=1
[20:34:33.356] item 2: is_hwnd_match=true, loc='website', count=1
[20:34:33.356] Exact HWND match! Returning 1 files
[20:34:33.357] Worker thread got 1 files, active: D:\Projects\active\QuickLook\website\pubspec.yaml
[20:34:33.372] window.show: Ok(()), set_focus: Ok(())
[20:34:37.380] navigate_adjacent: focused_idx=6, total_count=7, dir=ArrowUp
[20:34:37.398] navigate_adjacent succeeded: Some("D:\\Projects\\active\\QuickLook\\website\\pubspec.lock")
[20:34:38.901] navigate_adjacent: focused_idx=5, total_count=7, dir=ArrowUp
[20:34:38.913] navigate_adjacent succeeded: Some("D:\\Projects\\active\\QuickLook\\website\\analysis_options.yaml")
[20:34:41.337] hide_and_reset called
[20:34:41.348] Restored foreground focus to Explorer HWND: HWND(0x142a8a)
[20:34:51.656] Space key DOWN event intercepted!
[20:34:51.656] Peekit window state: visible=false, is_focused=false, fg_hwnd=HWND(0x1e1410)
[20:34:51.656] is_explorer_check: hwnd=HWND(0x1e1410), class='CabinetWClass'
[20:34:51.656] is_explorer_or_desktop_active = true
[20:34:51.656] focus_control: hwnd=HWND(0x1c306a), class='DirectUIHWND'
[20:34:51.656] is_user_typing_text = false
[20:34:51.660] get_selected_paths: target_hwnd=HWND(0x1e1410), class='CabinetWClass', title='загрузки — проводник', shell_windows_count=5
[20:34:51.663] item 0: is_hwnd_match=true, loc='загрузки', count=1
[20:34:51.663] Exact HWND match! Returning 1 files
[20:34:51.663] Worker thread got 1 files, active: d:\Users\Kobalt\Downloads\report_1.pptx
[20:34:51.680] window.show: Ok(()), set_focus: Ok(())
[20:34:54.838] navigate_adjacent: focused_idx=57, total_count=188, dir=ArrowDown
[20:34:54.856] navigate_adjacent succeeded: Some("d:\\Users\\Kobalt\\Downloads\\9l7q66ol.exe")
[20:34:55.965] navigate_adjacent: focused_idx=58, total_count=188, dir=ArrowDown
[20:34:55.976] navigate_adjacent succeeded: Some("d:\\Users\\Kobalt\\Downloads\\580.97-desktop-win10-win11-64bit-international-dch-whql.exe")
[20:34:56.389] navigate_adjacent: focused_idx=59, total_count=188, dir=ArrowDown
[20:34:56.400] navigate_adjacent succeeded: Some("d:\\Users\\Kobalt\\Downloads\\1049-russian-7.exe")
[20:34:56.829] navigate_adjacent: focused_idx=60, total_count=188, dir=ArrowDown
[20:34:56.839] navigate_adjacent succeeded: Some("d:\\Users\\Kobalt\\Downloads\\AmneziaVPN_4.8.5.0_x64.exe")
[20:34:57.237] navigate_adjacent: focused_idx=61, total_count=188, dir=ArrowDown
[20:34:57.247] navigate_adjacent succeeded: Some("d:\\Users\\Kobalt\\Downloads\\android-studio-panda4-patch1-windows.exe")
[20:34:57.693] navigate_adjacent: focused_idx=62, total_count=188, dir=ArrowDown
[20:34:57.704] navigate_adjacent succeeded: Some("d:\\Users\\Kobalt\\Downloads\\Antigravity.exe")
[20:34:58.133] navigate_adjacent: focused_idx=63, total_count=188, dir=ArrowDown
[20:34:58.143] navigate_adjacent succeeded: Some("d:\\Users\\Kobalt\\Downloads\\AnyDesk950.exe")
[20:34:58.574] navigate_adjacent: focused_idx=64, total_count=188, dir=ArrowDown
[20:34:58.585] navigate_adjacent succeeded: Some("d:\\Users\\Kobalt\\Downloads\\cuda_12.8.0_windows_network.exe")
[20:34:59.029] navigate_adjacent: focused_idx=65, total_count=188, dir=ArrowDown
[20:34:59.040] navigate_adjacent succeeded: Some("d:\\Users\\Kobalt\\Downloads\\cuda_13.0.0_windows_network.exe")
[20:34:59.470] navigate_adjacent: focused_idx=66, total_count=188, dir=ArrowDown
[20:34:59.485] navigate_adjacent succeeded: Some("d:\\Users\\Kobalt\\Downloads\\FileZilla_3.69.0_win64-setup.exe")
[20:34:59.879] navigate_adjacent: focused_idx=67, total_count=188, dir=ArrowDown
[20:34:59.895] navigate_adjacent succeeded: Some("d:\\Users\\Kobalt\\Downloads\\FileZilla_3.69.1_win64-setup.exe")
[20:35:00.302] navigate_adjacent: focused_idx=68, total_count=188, dir=ArrowDown
[20:35:00.319] navigate_adjacent succeeded: Some("d:\\Users\\Kobalt\\Downloads\\FileZilla_3.69.3_win64-setup.exe")
[20:35:00.687] navigate_adjacent: focused_idx=69, total_count=188, dir=ArrowDown
[20:35:00.706] navigate_adjacent succeeded: Some("d:\\Users\\Kobalt\\Downloads\\fish_speech_dialog_full.exe")
[20:35:01.110] navigate_adjacent: focused_idx=70, total_count=188, dir=ArrowDown
[20:35:01.126] navigate_adjacent succeeded: Some("d:\\Users\\Kobalt\\Downloads\\HumanizeAI_Pro_Setup.exe")
[20:35:01.533] navigate_adjacent: focused_idx=71, total_count=188, dir=ArrowDown
[20:35:01.549] navigate_adjacent succeeded: Some("d:\\Users\\Kobalt\\Downloads\\Install Termius.exe")
[20:35:01.926] navigate_adjacent: focused_idx=72, total_count=188, dir=ArrowDown
[20:35:01.943] navigate_adjacent succeeded: Some("d:\\Users\\Kobalt\\Downloads\\karing_1.2.1.827_windows_x64.exe")
[20:35:02.318] navigate_adjacent: focused_idx=73, total_count=188, dir=ArrowDown
[20:35:02.334] navigate_adjacent succeeded: Some("d:\\Users\\Kobalt\\Downloads\\LightBurn.v1.2.01.x86.exe")
[20:35:02.711] navigate_adjacent: focused_idx=74, total_count=188, dir=ArrowDown
[20:35:02.730] navigate_adjacent succeeded: Some("d:\\Users\\Kobalt\\Downloads\\Matrix3DSetup.exe")
[20:35:03.102] navigate_adjacent: focused_idx=75, total_count=188, dir=ArrowDown
[20:35:03.120] navigate_adjacent succeeded: Some("d:\\Users\\Kobalt\\Downloads\\Microsoft Office 2007 SP3 Standard 12.0.6798.5000 Portable by XpucT.exe")
[20:35:03.574] navigate_adjacent: focused_idx=76, total_count=188, dir=ArrowDown
[20:35:03.593] navigate_adjacent succeeded: Some("d:\\Users\\Kobalt\\Downloads\\NeuroShift AI 1.2.0 Portable.exe")
[20:35:04.390] navigate_adjacent: focused_idx=77, total_count=188, dir=ArrowDown
[20:35:04.407] navigate_adjacent succeeded: Some("d:\\Users\\Kobalt\\Downloads\\Outline-Client.exe")
[20:35:05.071] navigate_adjacent: focused_idx=78, total_count=188, dir=ArrowDown
[20:35:05.088] navigate_adjacent succeeded: Some("d:\\Users\\Kobalt\\Downloads\\Outline-Manager.exe")
[20:35:05.478] navigate_adjacent: focused_idx=79, total_count=188, dir=ArrowDown
[20:35:05.497] navigate_adjacent succeeded: Some("d:\\Users\\Kobalt\\Downloads\\PortableGit-2.50.1-64-bit.7z.exe")
[20:35:06.198] navigate_adjacent: focused_idx=80, total_count=188, dir=ArrowDown
[20:35:06.218] navigate_adjacent succeeded: Some("d:\\Users\\Kobalt\\Downloads\\python-3.11.9-amd64.exe")
[20:35:06.559] navigate_adjacent: focused_idx=81, total_count=188, dir=ArrowDown
[20:35:06.576] navigate_adjacent succeeded: Some("d:\\Users\\Kobalt\\Downloads\\rustup-init.exe")
[20:35:07.534] navigate_adjacent: focused_idx=82, total_count=188, dir=ArrowDown
[20:35:07.552] navigate_adjacent succeeded: Some("d:\\Users\\Kobalt\\Downloads\\StarRupture_Trainer.EXE")
[20:35:07.879] navigate_adjacent: focused_idx=83, total_count=188, dir=ArrowDown
[20:35:07.896] navigate_adjacent succeeded: Some("d:\\Users\\Kobalt\\Downloads\\SteamSetup.exe")
[20:35:08.206] navigate_adjacent: focused_idx=84, total_count=188, dir=ArrowDown
[20:35:08.224] navigate_adjacent succeeded: Some("d:\\Users\\Kobalt\\Downloads\\UltiMaker-Cura-5.13.0-win64-X64.exe")
[20:35:08.630] navigate_adjacent: focused_idx=85, total_count=188, dir=ArrowDown
[20:35:08.648] navigate_adjacent succeeded: Some("d:\\Users\\Kobalt\\Downloads\\Unlocker 1.0.1 Portable by Eject.exe")
[20:35:08.855] navigate_adjacent: focused_idx=86, total_count=188, dir=ArrowDown
[20:35:08.864] navigate_adjacent succeeded: Some("d:\\Users\\Kobalt\\Downloads\\VC_redist.x64.exe")
[20:35:14.354] Space key DOWN event intercepted!
[20:35:14.458] Space key UP event intercepted!
[20:35:15.418] Escape key DOWN event intercepted!
[20:35:15.419] hide_and_reset called
[20:35:15.421] Restored foreground focus to Explorer HWND: HWND(0x1e1410)
[20:35:16.155] Space key DOWN event intercepted!
[20:35:16.155] Peekit window state: visible=false, is_focused=false, fg_hwnd=HWND(0x1e1410)
[20:35:16.155] is_explorer_check: hwnd=HWND(0x1e1410), class='CabinetWClass'
[20:35:16.155] is_explorer_or_desktop_active = true
[20:35:16.155] focus_control: hwnd=HWND(0x153286), class='DirectUIHWND'
[20:35:16.155] is_user_typing_text = false
[20:35:16.158] get_selected_paths: target_hwnd=HWND(0x1e1410), class='CabinetWClass', title='видео — проводник', shell_windows_count=5
[20:35:16.162] item 0: is_hwnd_match=true, loc='видео', count=1
[20:35:16.162] Exact HWND match! Returning 1 files
[20:35:16.162] Worker thread got 1 files, active: d:\Users\Kobalt\Videos\2025-07-19 13-40-19.mkv
[20:35:16.174] window.show: Ok(()), set_focus: Ok(())
[20:35:19.041] navigate_adjacent: focused_idx=7, total_count=30, dir=ArrowUp
[20:35:19.055] navigate_adjacent succeeded: Some("d:\\Users\\Kobalt\\Videos\\Новгородова")
[20:35:19.872] navigate_adjacent: focused_idx=6, total_count=30, dir=ArrowDown
[20:35:19.882] navigate_adjacent succeeded: Some("d:\\Users\\Kobalt\\Videos\\2025-07-19 13-40-19.mkv")
[20:35:20.519] navigate_adjacent: focused_idx=7, total_count=30, dir=ArrowDown
[20:35:20.531] navigate_adjacent succeeded: Some("d:\\Users\\Kobalt\\Videos\\2025-07-19 13-44-46.mkv")
[20:35:21.992] navigate_adjacent: focused_idx=8, total_count=30, dir=ArrowDown
[20:35:22.003] navigate_adjacent succeeded: Some("d:\\Users\\Kobalt\\Videos\\2025-07-19 13-45-51.mkv")
[20:35:22.704] navigate_adjacent: focused_idx=9, total_count=30, dir=ArrowDown
[20:35:22.716] navigate_adjacent succeeded: Some("d:\\Users\\Kobalt\\Videos\\2025-07-30 07-52-49.mkv")
[20:35:23.408] navigate_adjacent: focused_idx=10, total_count=30, dir=ArrowDown
[20:35:23.419] navigate_adjacent succeeded: Some("d:\\Users\\Kobalt\\Videos\\2025-07-30 08-05-20.mkv")
[20:35:24.552] navigate_adjacent: focused_idx=11, total_count=30, dir=ArrowDown
[20:35:24.563] navigate_adjacent succeeded: Some("d:\\Users\\Kobalt\\Videos\\2025-07-30 08-06-09.mkv")
[20:35:25.449] navigate_adjacent: focused_idx=12, total_count=30, dir=ArrowDown
[20:35:25.458] navigate_adjacent succeeded: Some("d:\\Users\\Kobalt\\Videos\\23232-333604632_small.mp4")
[20:35:25.800] navigate_adjacent: focused_idx=13, total_count=30, dir=ArrowDown
[20:35:25.810] navigate_adjacent succeeded: Some("d:\\Users\\Kobalt\\Videos\\20260427_053050.mp4")
[20:35:26.162] navigate_adjacent: focused_idx=14, total_count=30, dir=ArrowDown
[20:35:26.171] navigate_adjacent succeeded: Some("d:\\Users\\Kobalt\\Videos\\15778662159420785232.jpg")
[20:35:27.072] navigate_adjacent: focused_idx=15, total_count=30, dir=ArrowLeft
[20:35:27.084] navigate_adjacent succeeded: Some("d:\\Users\\Kobalt\\Videos\\20260427_053050.mp4")
[20:35:28.001] navigate_adjacent: focused_idx=14, total_count=30, dir=ArrowDown
[20:35:28.010] navigate_adjacent succeeded: Some("d:\\Users\\Kobalt\\Videos\\15778662159420785232.jpg")
[20:35:28.625] navigate_adjacent: focused_idx=15, total_count=30, dir=ArrowDown
[20:35:28.636] navigate_adjacent succeeded: Some("d:\\Users\\Kobalt\\Videos\\AI.mp4")
[20:35:29.881] navigate_adjacent: focused_idx=16, total_count=30, dir=ArrowDown
[20:35:29.891] navigate_adjacent succeeded: Some("d:\\Users\\Kobalt\\Videos\\AvatarAI.gif")
[20:35:31.554] navigate_adjacent: focused_idx=17, total_count=30, dir=ArrowDown
[20:35:31.569] navigate_adjacent succeeded: Some("d:\\Users\\Kobalt\\Videos\\AvatarAI.mp4")
[20:35:33.025] navigate_adjacent: focused_idx=18, total_count=30, dir=ArrowDown
[20:35:33.036] navigate_adjacent succeeded: Some("d:\\Users\\Kobalt\\Videos\\desktop.ini")
[20:35:33.905] navigate_adjacent: focused_idx=19, total_count=30, dir=ArrowDown
[20:35:33.916] navigate_adjacent succeeded: Some("d:\\Users\\Kobalt\\Videos\\Generated File August 17, 2025 - 10_24PM.mp4")
[20:35:34.692] navigate_adjacent: focused_idx=20, total_count=30, dir=ArrowDown
[20:35:34.703] navigate_adjacent succeeded: Some("d:\\Users\\Kobalt\\Videos\\Generated File August 17, 2025 - 10_28PM.mp4")
[20:35:35.146] navigate_adjacent: focused_idx=21, total_count=30, dir=ArrowLeft
[20:35:35.156] navigate_adjacent succeeded: Some("d:\\Users\\Kobalt\\Videos\\Generated File August 17, 2025 - 10_24PM.mp4")
[20:35:35.514] navigate_adjacent: focused_idx=20, total_count=30, dir=ArrowLeft
[20:35:35.525] navigate_adjacent succeeded: Some("d:\\Users\\Kobalt\\Videos\\desktop.ini")
[20:35:36.579] navigate_adjacent: focused_idx=19, total_count=30, dir=ArrowRight
[20:35:36.589] navigate_adjacent succeeded: Some("d:\\Users\\Kobalt\\Videos\\Generated File August 17, 2025 - 10_24PM.mp4")
[20:35:37.315] navigate_adjacent: focused_idx=20, total_count=30, dir=ArrowRight
[20:35:37.324] navigate_adjacent succeeded: Some("d:\\Users\\Kobalt\\Videos\\Generated File August 17, 2025 - 10_28PM.mp4")
[20:35:38.562] navigate_adjacent: focused_idx=21, total_count=30, dir=ArrowRight
[20:35:38.572] navigate_adjacent succeeded: Some("d:\\Users\\Kobalt\\Videos\\Render.mp4")
[20:35:40.395] navigate_adjacent: focused_idx=22, total_count=30, dir=ArrowRight
[20:35:40.405] navigate_adjacent succeeded: Some("d:\\Users\\Kobalt\\Videos\\Smaller head proportions.png")
[20:35:41.482] navigate_adjacent: focused_idx=23, total_count=30, dir=ArrowRight
[20:35:41.509] navigate_adjacent succeeded: Some("d:\\Users\\Kobalt\\Videos\\анимируй_аватар_для_телеграм_в.mp4")
[20:35:42.538] navigate_adjacent: focused_idx=24, total_count=30, dir=ArrowRight
[20:35:42.549] navigate_adjacent succeeded: Some("d:\\Users\\Kobalt\\Videos\\Анимируй_картинку.mp4")
[20:35:43.779] navigate_adjacent: focused_idx=25, total_count=30, dir=ArrowRight
[20:35:43.789] navigate_adjacent succeeded: Some("d:\\Users\\Kobalt\\Videos\\анимируй_персонажа_в_полный_ро.mp4")
[20:35:56.639] Space key DOWN event intercepted!
[20:35:56.639] Peekit window state: visible=true, is_focused=false, fg_hwnd=HWND(0x1e1410)
[20:35:56.639] is_explorer_check: hwnd=HWND(0x1e1410), class='CabinetWClass'
[20:35:56.639] is_explorer_or_desktop_active = true
[20:35:56.640] focus_control: hwnd=HWND(0x153286), class='DirectUIHWND'
[20:35:56.640] is_user_typing_text = false
[20:35:56.642] get_selected_paths: target_hwnd=HWND(0x1e1410), class='CabinetWClass', title='видео — проводник', shell_windows_count=5
[20:35:56.644] item 0: is_hwnd_match=true, loc='видео', count=1
[20:35:56.644] Exact HWND match! Returning 1 files
[20:35:56.644] Same file 'd:\Users\Kobalt\Videos\анимируй_персонажа_в_полный_ро.mp4' toggled off -> hiding window
[20:35:56.644] hide_and_reset called
[20:35:56.644] Restored foreground focus to Explorer HWND: HWND(0x1e1410)
[20:35:56.751] Space key UP event intercepted!
[20:35:57.287] Space key DOWN event intercepted!
[20:35:57.287] Peekit window state: visible=false, is_focused=false, fg_hwnd=HWND(0x1e1410)
[20:35:57.287] is_explorer_check: hwnd=HWND(0x1e1410), class='CabinetWClass'
[20:35:57.287] is_explorer_or_desktop_active = true
[20:35:57.287] focus_control: hwnd=HWND(0x153286), class='DirectUIHWND'
[20:35:57.288] is_user_typing_text = false
[20:35:57.290] get_selected_paths: target_hwnd=HWND(0x1e1410), class='CabinetWClass', title='видео — проводник', shell_windows_count=5
[20:35:57.292] item 0: is_hwnd_match=true, loc='видео', count=1
[20:35:57.292] Exact HWND match! Returning 1 files
[20:35:57.292] Worker thread got 1 files, active: d:\Users\Kobalt\Videos\анимируй_персонажа_в_полный_ро.mp4
[20:35:57.306] window.show: Ok(()), set_focus: Ok(())
[20:35:58.029] navigate_adjacent: focused_idx=26, total_count=30, dir=ArrowRight
[20:35:58.042] navigate_adjacent succeeded: Some("d:\\Users\\Kobalt\\Videos\\Оживи_картинку.mp4")
[20:35:58.708] navigate_adjacent: focused_idx=27, total_count=30, dir=ArrowRight
[20:35:58.720] navigate_adjacent succeeded: Some("d:\\Users\\Kobalt\\Videos\\Сделай_облет_камерой_вокруг_пе.mp4")
[20:35:59.428] navigate_adjacent: focused_idx=28, total_count=30, dir=ArrowRight
[20:35:59.439] navigate_adjacent succeeded: Some("d:\\Users\\Kobalt\\Videos\\Сделай_ролик_используя_фото_н.mp4")
[20:36:00.124] navigate_adjacent: focused_idx=29, total_count=30, dir=ArrowRight
[20:36:00.134] navigate_adjacent succeeded: Some("d:\\Users\\Kobalt\\Videos\\Сделай_ролик_используя_фото_н.mp4")
[20:36:01.140] navigate_adjacent: focused_idx=29, total_count=30, dir=ArrowLeft
[20:36:01.151] navigate_adjacent succeeded: Some("d:\\Users\\Kobalt\\Videos\\Сделай_облет_камерой_вокруг_пе.mp4")
[20:36:01.613] navigate_adjacent: focused_idx=28, total_count=30, dir=ArrowLeft
[20:36:01.623] navigate_adjacent succeeded: Some("d:\\Users\\Kobalt\\Videos\\Оживи_картинку.mp4")
[20:36:02.715] hide_and_reset called
[20:36:02.729] Restored foreground focus to Explorer HWND: HWND(0x1e1410)
[20:36:06.952] Space key DOWN event intercepted!
[20:36:06.952] Peekit window state: visible=false, is_focused=false, fg_hwnd=HWND(0x1e1410)
[20:36:06.952] is_explorer_check: hwnd=HWND(0x1e1410), class='CabinetWClass'
[20:36:06.952] is_explorer_or_desktop_active = true
[20:36:06.953] focus_control: hwnd=HWND(0x563078), class='DirectUIHWND'
[20:36:06.953] is_user_typing_text = false
[20:36:06.955] get_selected_paths: target_hwnd=HWND(0x1e1410), class='CabinetWClass', title='изображения — проводник', shell_windows_count=5
[20:36:06.957] item 0: is_hwnd_match=true, loc='изображения', count=1
[20:36:06.957] Exact HWND match! Returning 1 files
[20:36:06.958] Worker thread got 1 files, active: d:\Users\Kobalt\Pictures\GeminiTranslator_icon.ai
[20:36:06.973] window.show: Ok(()), set_focus: Ok(())
[20:36:08.263] navigate_adjacent: focused_idx=20, total_count=152, dir=ArrowRight
[20:36:08.278] navigate_adjacent succeeded: Some("d:\\Users\\Kobalt\\Pictures\\GitGemini_Pro_icon.ai")
[20:36:08.733] navigate_adjacent: focused_idx=21, total_count=152, dir=ArrowRight
[20:36:08.744] navigate_adjacent succeeded: Some("d:\\Users\\Kobalt\\Pictures\\sand_therapy_app.ai")
[20:36:09.141] navigate_adjacent: focused_idx=22, total_count=152, dir=ArrowRight
[20:36:09.153] navigate_adjacent succeeded: Some("d:\\Users\\Kobalt\\Pictures\\WellPlate_icon.ai")
[20:36:09.517] navigate_adjacent: focused_idx=23, total_count=152, dir=ArrowRight
[20:36:09.532] navigate_adjacent succeeded: Some("d:\\Users\\Kobalt\\Pictures\\warp-premium.avif")
[20:36:10.318] navigate_adjacent: focused_idx=24, total_count=152, dir=ArrowRight
[20:36:10.331] navigate_adjacent succeeded: Some("d:\\Users\\Kobalt\\Pictures\\ezgif-3e8b2c0fd972f7.gif")
[20:36:10.838] navigate_adjacent: focused_idx=25, total_count=152, dir=ArrowRight
[20:36:10.851] navigate_adjacent succeeded: Some("d:\\Users\\Kobalt\\Pictures\\Generated File July 16, 2025 - 9_08AM.gif")
[20:36:11.293] navigate_adjacent: focused_idx=26, total_count=152, dir=ArrowRight
[20:36:11.306] navigate_adjacent succeeded: Some("d:\\Users\\Kobalt\\Pictures\\MyGemini 01.gif")
[20:36:12.016] navigate_adjacent: focused_idx=27, total_count=152, dir=ArrowRight
[20:36:12.028] navigate_adjacent succeeded: Some("d:\\Users\\Kobalt\\Pictures\\Новый проект (1) (1).gif")
[20:36:12.693] navigate_adjacent: focused_idx=28, total_count=152, dir=ArrowRight
[20:36:12.706] navigate_adjacent succeeded: Some("d:\\Users\\Kobalt\\Pictures\\Новый проект (1).gif")
[20:36:13.279] navigate_adjacent: focused_idx=29, total_count=152, dir=ArrowRight
[20:36:13.291] navigate_adjacent succeeded: Some("d:\\Users\\Kobalt\\Pictures\\Новый проект.gif")
[20:36:13.774] navigate_adjacent: focused_idx=30, total_count=152, dir=ArrowRight
[20:36:13.786] navigate_adjacent succeeded: Some("d:\\Users\\Kobalt\\Pictures\\3x-ui-light.ico")
[20:36:14.342] navigate_adjacent: focused_idx=31, total_count=152, dir=ArrowRight
[20:36:14.355] navigate_adjacent succeeded: Some("d:\\Users\\Kobalt\\Pictures\\app_icon.ico")
[20:36:14.734] navigate_adjacent: focused_idx=32, total_count=152, dir=ArrowRight
[20:36:14.746] navigate_adjacent succeeded: Some("d:\\Users\\Kobalt\\Pictures\\favicon (1).ico")
[20:36:14.959] navigate_adjacent: focused_idx=33, total_count=152, dir=ArrowRight
[20:36:14.960] navigate_adjacent succeeded: Some("d:\\Users\\Kobalt\\Pictures\\favicon.ico")
[20:36:15.173] navigate_adjacent: focused_idx=34, total_count=152, dir=ArrowRight
[20:36:15.175] navigate_adjacent succeeded: Some("d:\\Users\\Kobalt\\Pictures\\gemini_translator.ico")
[20:36:15.382] navigate_adjacent: focused_idx=35, total_count=152, dir=ArrowRight
[20:36:15.391] navigate_adjacent succeeded: Some("d:\\Users\\Kobalt\\Pictures\\google-ai-studio-icon-filled-256-2415661732.ico")
[20:36:15.598] navigate_adjacent: focused_idx=36, total_count=152, dir=ArrowRight
[20:36:15.599] navigate_adjacent succeeded: Some("d:\\Users\\Kobalt\\Pictures\\hetzner-logo-26-1235028835.ico")
[20:36:15.805] navigate_adjacent: focused_idx=37, total_count=152, dir=ArrowRight
[20:36:15.806] navigate_adjacent succeeded: Some("d:\\Users\\Kobalt\\Pictures\\4ba7b8f3-2b29-58c7-a513-66780ec4319c.jpg")
[20:36:16.022] navigate_adjacent: focused_idx=38, total_count=152, dir=ArrowRight
[20:36:16.024] navigate_adjacent succeeded: Some("d:\\Users\\Kobalt\\Pictures\\1763448494-1142609627.jpg")
[20:36:16.246] navigate_adjacent: focused_idx=39, total_count=152, dir=ArrowRight
[20:36:16.247] navigate_adjacent succeeded: Some("d:\\Users\\Kobalt\\Pictures\\Alofs.jpg")
[20:36:16.478] navigate_adjacent: focused_idx=40, total_count=152, dir=ArrowRight
[20:36:16.479] navigate_adjacent succeeded: Some("d:\\Users\\Kobalt\\Pictures\\avatar.jpg")
[20:36:16.687] navigate_adjacent: focused_idx=41, total_count=152, dir=ArrowRight
[20:36:16.690] navigate_adjacent succeeded: Some("d:\\Users\\Kobalt\\Pictures\\de177d11-5633-4fa6-b7c2-1e686bacc481.jpg")
[20:36:16.957] navigate_adjacent: focused_idx=42, total_count=152, dir=ArrowRight
[20:36:16.971] navigate_adjacent succeeded: Some("d:\\Users\\Kobalt\\Pictures\\fotor-ai-20250719194030.jpg")
[20:36:17.678] navigate_adjacent: focused_idx=43, total_count=152, dir=ArrowRight
[20:36:17.692] navigate_adjacent succeeded: Some("d:\\Users\\Kobalt\\Pictures\\IMG_0310.JPG")
[20:36:18.254] navigate_adjacent: focused_idx=44, total_count=152, dir=ArrowRight
[20:36:18.287] navigate_adjacent succeeded: Some("d:\\Users\\Kobalt\\Pictures\\LapochkaBG.jpg")
[20:36:19.863] navigate_adjacent: focused_idx=45, total_count=152, dir=ArrowRight
[20:36:19.876] navigate_adjacent succeeded: Some("d:\\Users\\Kobalt\\Pictures\\MyGemini.jpg")
[20:36:20.662] navigate_adjacent: focused_idx=46, total_count=152, dir=ArrowRight
[20:36:20.674] navigate_adjacent succeeded: Some("d:\\Users\\Kobalt\\Pictures\\openart-image_qwMtTmec_1753451746751_raw.jpg")
[20:36:21.254] navigate_adjacent: focused_idx=47, total_count=152, dir=ArrowRight
[20:36:21.266] navigate_adjacent succeeded: Some("d:\\Users\\Kobalt\\Pictures\\photo_2_2026-04-10_08-45-16.jpg")
[20:36:21.710] navigate_adjacent: focused_idx=48, total_count=152, dir=ArrowRight
[20:36:21.724] navigate_adjacent succeeded: Some("d:\\Users\\Kobalt\\Pictures\\photo_3_2026-04-10_08-45-16.jpg")
[20:36:22.119] navigate_adjacent: focused_idx=49, total_count=152, dir=ArrowRight
[20:36:22.132] navigate_adjacent succeeded: Some("d:\\Users\\Kobalt\\Pictures\\photo_4_2026-04-10_08-45-16.jpg")
[20:36:25.686] hide_and_reset called
[20:36:25.701] Restored foreground focus to Explorer HWND: HWND(0x1e1410)
[20:36:30.147] Space key DOWN event intercepted!
[20:36:30.147] Peekit window state: visible=false, is_focused=false, fg_hwnd=HWND(0x1e1410)
[20:36:30.147] is_explorer_check: hwnd=HWND(0x1e1410), class='CabinetWClass'
[20:36:30.147] is_explorer_or_desktop_active = true
[20:36:30.147] focus_control: hwnd=HWND(0xa3910), class='DirectUIHWND'
[20:36:30.147] is_user_typing_text = false
[20:36:30.150] get_selected_paths: target_hwnd=HWND(0x1e1410), class='CabinetWClass', title='documents — проводник', shell_windows_count=5
[20:36:30.152] item 0: is_hwnd_match=true, loc='documents', count=1
[20:36:30.152] Exact HWND match! Returning 1 files
[20:36:30.153] Worker thread got 1 files, active: d:\Users\Kobalt\Documents\Новый проект.fbx
[20:36:30.169] window.show: Ok(()), set_focus: Ok(())
[20:36:30.921] navigate_adjacent: focused_idx=51, total_count=194, dir=ArrowDown
[20:36:30.936] navigate_adjacent succeeded: Some("d:\\Users\\Kobalt\\Documents\\codepilot_web.cpai")
[20:36:32.103] navigate_adjacent: focused_idx=52, total_count=194, dir=ArrowRight
[20:36:32.113] navigate_adjacent succeeded: Some("d:\\Users\\Kobalt\\Documents\\Анализ CoadePilotAI.cpai")
[20:36:32.727] navigate_adjacent: focused_idx=53, total_count=194, dir=ArrowRight
[20:36:32.746] navigate_adjacent succeeded: Some("d:\\Users\\Kobalt\\Documents\\Анализ CoadePilotAI_01.cpai")
[20:36:33.263] navigate_adjacent: focused_idx=54, total_count=194, dir=ArrowRight
[20:36:33.280] navigate_adjacent succeeded: Some("d:\\Users\\Kobalt\\Documents\\Анализ gemini_translator.cpai")
[20:36:33.671] navigate_adjacent: focused_idx=55, total_count=194, dir=ArrowRight
[20:36:33.691] navigate_adjacent succeeded: Some("d:\\Users\\Kobalt\\Documents\\Анализ HumanizeAI_Pro.cpai")
[20:36:34.113] navigate_adjacent: focused_idx=56, total_count=194, dir=ArrowRight
[20:36:34.129] navigate_adjacent succeeded: Some("d:\\Users\\Kobalt\\Documents\\Анализ ТГБота с поиском в Интернет.cpai")
[20:36:34.552] navigate_adjacent: focused_idx=57, total_count=194, dir=ArrowRight
[20:36:34.569] navigate_adjacent succeeded: Some("d:\\Users\\Kobalt\\Documents\\Доработка MyGemini.cpai")
[20:36:35.024] navigate_adjacent: focused_idx=58, total_count=194, dir=ArrowRight
[20:36:35.041] navigate_adjacent succeeded: Some("d:\\Users\\Kobalt\\Documents\\Настройка сервера.cpai")
[20:36:35.384] navigate_adjacent: focused_idx=59, total_count=194, dir=ArrowRight
[20:36:35.400] navigate_adjacent succeeded: Some("d:\\Users\\Kobalt\\Documents\\Новый функционал MyGemini.cpai")
[20:36:35.608] navigate_adjacent: focused_idx=60, total_count=194, dir=ArrowRight
[20:36:35.616] navigate_adjacent succeeded: Some("d:\\Users\\Kobalt\\Documents\\Новый функционал MyGemini_01.cpai")
[20:36:35.824] navigate_adjacent: focused_idx=61, total_count=194, dir=ArrowRight
[20:36:35.830] navigate_adjacent succeeded: Some("d:\\Users\\Kobalt\\Documents\\Переделка Telegram-бота.cpai")
[20:36:36.016] navigate_adjacent: focused_idx=62, total_count=194, dir=ArrowRight
[20:36:36.023] navigate_adjacent succeeded: Some("d:\\Users\\Kobalt\\Documents\\Пример для инструкции.cpai")
[20:36:36.216] navigate_adjacent: focused_idx=63, total_count=194, dir=ArrowRight
[20:36:36.223] navigate_adjacent succeeded: Some("d:\\Users\\Kobalt\\Documents\\Разработка Finpal classic AI.cpai")
[20:36:36.424] navigate_adjacent: focused_idx=64, total_count=194, dir=ArrowRight
[20:36:36.432] navigate_adjacent succeeded: Some("d:\\Users\\Kobalt\\Documents\\Расширение для Edge.cpai")
[20:36:36.640] navigate_adjacent: focused_idx=65, total_count=194, dir=ArrowRight
[20:36:36.647] navigate_adjacent succeeded: Some("d:\\Users\\Kobalt\\Documents\\Рефакторинг CortexDev.cpai")
[20:36:36.848] navigate_adjacent: focused_idx=66, total_count=194, dir=ArrowRight
[20:36:36.855] navigate_adjacent succeeded: Some("d:\\Users\\Kobalt\\Documents\\Решение недоступности сайтов на сервере.cpai")
[20:36:37.065] navigate_adjacent: focused_idx=67, total_count=194, dir=ArrowRight
[20:36:37.073] navigate_adjacent succeeded: Some("d:\\Users\\Kobalt\\Documents\\Семантический Анализ CoadePilotAI.cpai")
[20:36:37.272] navigate_adjacent: focused_idx=68, total_count=194, dir=ArrowRight
[20:36:37.281] navigate_adjacent succeeded: Some("d:\\Users\\Kobalt\\Documents\\Тестирование окна различий.cpai")
[20:36:37.488] navigate_adjacent: focused_idx=69, total_count=194, dir=ArrowRight
[20:36:37.494] navigate_adjacent succeeded: Some("d:\\Users\\Kobalt\\Documents\\Финальная оценка MyGemini.cpai")
[20:36:38.008] navigate_adjacent: focused_idx=70, total_count=194, dir=ArrowRight
[20:36:38.024] navigate_adjacent succeeded: Some("d:\\Users\\Kobalt\\Documents\\bot_database.db")
[20:36:38.232] navigate_adjacent: focused_idx=71, total_count=194, dir=ArrowRight
[20:36:38.239] navigate_adjacent succeeded: Some("d:\\Users\\Kobalt\\Documents\\chatmessage.db")
[20:36:38.464] navigate_adjacent: focused_idx=72, total_count=194, dir=ArrowRight
[20:36:38.473] navigate_adjacent succeeded: Some("d:\\Users\\Kobalt\\Documents\\Голос Карли.gt")
[20:36:39.096] navigate_adjacent: focused_idx=73, total_count=194, dir=ArrowRight
[20:36:39.112] navigate_adjacent succeeded: Some("d:\\Users\\Kobalt\\Documents\\Тестовый проект.gt")
[20:36:39.328] navigate_adjacent: focused_idx=74, total_count=194, dir=ArrowRight
[20:36:39.337] navigate_adjacent succeeded: Some("d:\\Users\\Kobalt\\Documents\\AutoSave_35d0.lbrn2")
[20:36:39.552] navigate_adjacent: focused_idx=75, total_count=194, dir=ArrowRight
[20:36:39.561] navigate_adjacent succeeded: Some("d:\\Users\\Kobalt\\Documents\\AutoSave_574.lbrn2")
[20:36:40.273] navigate_adjacent: focused_idx=76, total_count=194, dir=ArrowRight
[20:36:40.290] navigate_adjacent succeeded: Some("d:\\Users\\Kobalt\\Documents\\Ловец снов.lbrn2")
[20:36:41.073] navigate_adjacent: focused_idx=77, total_count=194, dir=ArrowRight
[20:36:41.091] navigate_adjacent succeeded: Some("d:\\Users\\Kobalt\\Documents\\skill.md")
[20:36:44.329] navigate_adjacent: focused_idx=78, total_count=194, dir=ArrowRight
[20:36:44.347] navigate_adjacent succeeded: Some("d:\\Users\\Kobalt\\Documents\\Тестирование окна различий_20250709_191333.md")
[20:36:56.995] navigate_adjacent: focused_idx=79, total_count=194, dir=ArrowRight
[20:36:57.012] navigate_adjacent succeeded: Some("d:\\Users\\Kobalt\\Documents\\icon.svg")
[20:36:58.123] navigate_adjacent: focused_idx=80, total_count=194, dir=ArrowRight
[20:36:58.143] navigate_adjacent succeeded: Some("d:\\Users\\Kobalt\\Documents\\repomix-output-cacggghp-vk-turn-proxy.xml")
[20:36:58.771] navigate_adjacent: focused_idx=81, total_count=194, dir=ArrowRight
[20:36:58.789] navigate_adjacent succeeded: Some("d:\\Users\\Kobalt\\Documents\\test.html")
[20:36:59.771] navigate_adjacent: focused_idx=82, total_count=194, dir=ArrowLeft
[20:36:59.781] navigate_adjacent succeeded: Some("d:\\Users\\Kobalt\\Documents\\repomix-output-cacggghp-vk-turn-proxy.xml")
[20:37:00.419] navigate_adjacent: focused_idx=81, total_count=194, dir=ArrowRight
[20:37:00.430] navigate_adjacent succeeded: Some("d:\\Users\\Kobalt\\Documents\\test.html")
[20:37:01.347] navigate_adjacent: focused_idx=82, total_count=194, dir=ArrowRight
[20:37:01.363] navigate_adjacent succeeded: Some("d:\\Users\\Kobalt\\Documents\\Анализ CoadePilotAI_20250709_195221.html")
[20:37:02.909] navigate_adjacent: focused_idx=83, total_count=194, dir=ArrowRight
[20:37:02.925] navigate_adjacent succeeded: Some("d:\\Users\\Kobalt\\Documents\\Настройка сервера.html")
[20:37:05.147] navigate_adjacent: focused_idx=84, total_count=194, dir=ArrowRight
[20:37:05.164] navigate_adjacent succeeded: Some("d:\\Users\\Kobalt\\Documents\\Пример для инструкции_20250709_215844.html")
[20:37:06.091] navigate_adjacent: focused_idx=85, total_count=194, dir=ArrowRight
[20:37:06.108] navigate_adjacent succeeded: Some("d:\\Users\\Kobalt\\Documents\\Тестирование окна различий_20250709_191245.html")
[20:37:06.812] navigate_adjacent: focused_idx=86, total_count=194, dir=ArrowRight
[20:37:06.829] navigate_adjacent succeeded: Some("d:\\Users\\Kobalt\\Documents\\Manifold.skp")
[20:37:07.492] navigate_adjacent: focused_idx=87, total_count=194, dir=ArrowRight
[20:37:07.509] navigate_adjacent succeeded: Some("d:\\Users\\Kobalt\\Documents\\Polypropylene manifold.skp")
[20:37:07.988] navigate_adjacent: focused_idx=88, total_count=194, dir=ArrowRight
[20:37:08.005] navigate_adjacent succeeded: Some("d:\\Users\\Kobalt\\Documents\\Квартира Баба Лиля.skp")
[20:37:08.412] navigate_adjacent: focused_idx=89, total_count=194, dir=ArrowRight
[20:37:08.429] navigate_adjacent succeeded: Some("d:\\Users\\Kobalt\\Documents\\Тумба с раковиной баба Лиля.skp")
[20:37:08.812] navigate_adjacent: focused_idx=90, total_count=194, dir=ArrowRight
[20:37:08.830] navigate_adjacent succeeded: Some("d:\\Users\\Kobalt\\Documents\\~$ехсторонняя коммуникация.docx")
[20:37:09.708] navigate_adjacent: focused_idx=91, total_count=194, dir=ArrowRight
[20:37:09.729] navigate_adjacent succeeded: Some("d:\\Users\\Kobalt\\Documents\\~$лос Карли.docx")
[20:37:10.395] navigate_adjacent: focused_idx=92, total_count=194, dir=ArrowRight
[20:37:10.413] navigate_adjacent succeeded: Some("d:\\Users\\Kobalt\\Documents\\3-4 глава.docx")
[20:37:11.012] navigate_adjacent: focused_idx=93, total_count=194, dir=ArrowRight
[20:37:11.031] navigate_adjacent succeeded: Some("d:\\Users\\Kobalt\\Documents\\translation.docx")
[20:37:16.053] navigate_adjacent: focused_idx=94, total_count=194, dir=ArrowRight
[20:37:16.072] navigate_adjacent succeeded: Some("d:\\Users\\Kobalt\\Documents\\Types_of_sexual_transference_and_countertransference_in_psychotherapeutic.docx")
[20:37:16.933] navigate_adjacent: focused_idx=95, total_count=194, dir=ArrowRight
[20:37:16.951] navigate_adjacent succeeded: Some("d:\\Users\\Kobalt\\Documents\\Анкета цветы Баха.docx")
[20:37:17.453] navigate_adjacent: focused_idx=96, total_count=194, dir=ArrowRight
[20:37:17.470] navigate_adjacent succeeded: Some("d:\\Users\\Kobalt\\Documents\\Выступление УХО.docx")
[20:37:18.501] navigate_adjacent: focused_idx=97, total_count=194, dir=ArrowRight
[20:37:18.518] navigate_adjacent succeeded: Some("d:\\Users\\Kobalt\\Documents\\Генри Паренс Сиблинги.docx")
[20:37:21.190] navigate_adjacent: focused_idx=98, total_count=194, dir=ArrowRight
[20:37:21.210] navigate_adjacent succeeded: Some("d:\\Users\\Kobalt\\Documents\\Глава 1 Лемма.docx")
[20:37:22.006] navigate_adjacent: focused_idx=99, total_count=194, dir=ArrowRight
[20:37:22.024] navigate_adjacent succeeded: Some("d:\\Users\\Kobalt\\Documents\\ГЛАВА 1.docx")
[20:37:24.317] navigate_adjacent: focused_idx=100, total_count=194, dir=ArrowRight
[20:37:24.335] navigate_adjacent succeeded: Some("d:\\Users\\Kobalt\\Documents\\Глава 2 Лемма.docx")
[20:37:24.982] navigate_adjacent: focused_idx=101, total_count=194, dir=ArrowRight
[20:37:24.999] navigate_adjacent succeeded: Some("d:\\Users\\Kobalt\\Documents\\Глава 3 Лемма.docx")
[20:37:25.813] navigate_adjacent: focused_idx=102, total_count=194, dir=ArrowRight
[20:37:25.831] navigate_adjacent succeeded: Some("d:\\Users\\Kobalt\\Documents\\Глава 4 Лемма.docx")
[20:37:26.583] navigate_adjacent: focused_idx=103, total_count=194, dir=ArrowRight
[20:37:26.603] navigate_adjacent succeeded: Some("d:\\Users\\Kobalt\\Documents\\Глава 5 Лемма.docx")
[20:37:27.101] navigate_adjacent: focused_idx=104, total_count=194, dir=ArrowRight
[20:37:27.120] navigate_adjacent succeeded: Some("d:\\Users\\Kobalt\\Documents\\Глава 6 Лемма.docx")
[20:37:27.574] navigate_adjacent: focused_idx=105, total_count=194, dir=ArrowRight
[20:37:27.593] navigate_adjacent succeeded: Some("d:\\Users\\Kobalt\\Documents\\Голос Карли.docx")
[20:37:30.363] navigate_adjacent: focused_idx=106, total_count=194, dir=ArrowRight
[20:37:30.381] navigate_adjacent succeeded: Some("d:\\Users\\Kobalt\\Documents\\Забота_о_братьях_и_сестрах_–_взгляд_детскои\u{306}_психотерапии.docx")
[20:37:30.396] navigate_adjacent: focused_idx=107, total_count=194, dir=ArrowRight
[20:37:30.405] navigate_adjacent succeeded: Some("d:\\Users\\Kobalt\\Documents\\Измерение_привязанности_и_рефлексивного_функционирования_в_раннем.docx")
[20:37:30.409] navigate_adjacent: focused_idx=108, total_count=194, dir=ArrowRight
[20:37:30.417] navigate_adjacent succeeded: Some("d:\\Users\\Kobalt\\Documents\\на пути к отцовству.docx")
[20:37:30.420] navigate_adjacent: focused_idx=109, total_count=194, dir=ArrowRight
[20:37:30.427] navigate_adjacent succeeded: Some("d:\\Users\\Kobalt\\Documents\\НЕ ТОЛЬКО МАТЕРИ.docx")
[20:37:30.431] navigate_adjacent: focused_idx=110, total_count=194, dir=ArrowUp
[20:37:30.433] navigate_adjacent succeeded: Some("d:\\Users\\Kobalt\\Documents\\на пути к отцовству.docx")
[20:37:30.436] navigate_adjacent: focused_idx=109, total_count=194, dir=ArrowLeft
[20:37:30.438] navigate_adjacent succeeded: Some("d:\\Users\\Kobalt\\Documents\\Измерение_привязанности_и_рефлексивного_функционирования_в_раннем.docx")
[20:37:35.442] Space key DOWN event intercepted!
[20:37:35.586] Space key UP event intercepted!
[20:37:36.490] Escape key DOWN event intercepted!
[20:37:36.490] hide_and_reset called
[20:37:36.494] Restored foreground focus to Explorer HWND: HWND(0x1e1410)
[20:37:37.122] Space key DOWN event intercepted!
[20:37:37.122] Peekit window state: visible=false, is_focused=false, fg_hwnd=HWND(0x1e1410)
[20:37:37.122] is_explorer_check: hwnd=HWND(0x1e1410), class='CabinetWClass'
[20:37:37.122] is_explorer_or_desktop_active = true
[20:37:37.122] focus_control: hwnd=HWND(0xa3910), class='DirectUIHWND'
[20:37:37.123] is_user_typing_text = false
[20:37:37.125] get_selected_paths: target_hwnd=HWND(0x1e1410), class='CabinetWClass', title='documents — проводник', shell_windows_count=5
[20:37:37.127] item 0: is_hwnd_match=true, loc='documents', count=1
[20:37:37.127] Exact HWND match! Returning 1 files
[20:37:37.127] Worker thread got 1 files, active: d:\Users\Kobalt\Documents\Парсинг01.xlsx
[20:37:37.140] window.show: Ok(()), set_focus: Ok(())
[20:37:42.842] Space key DOWN event intercepted!
[20:37:42.939] Space key UP event intercepted!
[20:37:44.035] Escape key DOWN event intercepted!
[20:37:44.035] hide_and_reset called
[20:37:44.038] Restored foreground focus to Explorer HWND: HWND(0x1e1410)
[20:37:44.448] hide_and_reset called
[20:37:44.448] Restored foreground focus to Explorer HWND: HWND(0x1e1410)
[20:37:44.467] hide_and_reset called
[20:37:44.467] Restored foreground focus to Explorer HWND: HWND(0x1e1410)
[20:37:44.963] Space key DOWN event intercepted!
[20:37:44.963] Peekit window state: visible=false, is_focused=false, fg_hwnd=HWND(0x1e1410)
[20:37:44.963] is_explorer_check: hwnd=HWND(0x1e1410), class='CabinetWClass'
[20:37:44.963] is_explorer_or_desktop_active = true
[20:37:44.963] focus_control: hwnd=HWND(0xa3910), class='DirectUIHWND'
[20:37:44.963] is_user_typing_text = false
[20:37:44.966] get_selected_paths: target_hwnd=HWND(0x1e1410), class='CabinetWClass', title='documents — проводник', shell_windows_count=5
[20:37:44.968] item 0: is_hwnd_match=true, loc='documents', count=1
[20:37:44.968] Exact HWND match! Returning 1 files
[20:37:44.968] Worker thread got 1 files, active: d:\Users\Kobalt\Documents\Парсинг01.xlsx
[20:37:44.983] window.show: Ok(()), set_focus: Ok(())
[20:37:51.891] Escape key DOWN event intercepted!
[20:37:51.892] hide_and_reset called
[20:37:51.894] Restored foreground focus to Explorer HWND: HWND(0x1e1410)
[20:37:51.983] navigate_adjacent: focused_idx=124, total_count=194, dir=ArrowDown
[20:37:51.997] navigate_adjacent succeeded: Some("d:\\Users\\Kobalt\\Documents\\Смета_проект_1.xlsx")
[20:37:52.012] hide_and_reset called
[20:37:52.013] Restored foreground focus to Explorer HWND: HWND(0x1e1410)
[20:37:52.013] hide_and_reset called
[20:37:52.014] Restored foreground focus to Explorer HWND: HWND(0x1e1410)
[20:37:52.014] hide_and_reset called
[20:37:52.014] Restored foreground focus to Explorer HWND: HWND(0x1e1410)
[20:37:52.014] hide_and_reset called
[20:37:52.014] Restored foreground focus to Explorer HWND: HWND(0x1e1410)
[20:37:55.175] Quit menu clicked
[20:38:07.080] setup starting
[20:38:07.087] Tray created: id=TrayIconId("main_tray")
[20:38:07.087] start_hook (main thread): successfully installed hook_id=HHOOK(0x59d1d49)
[20:38:07.087] setup completed successfully
[20:38:10.077] Space key DOWN event intercepted!
[20:38:10.078] Peekit window state: visible=false, is_focused=false, fg_hwnd=HWND(0x1e1410)
[20:38:10.078] is_explorer_check: hwnd=HWND(0x1e1410), class='CabinetWClass'
[20:38:10.078] is_explorer_or_desktop_active = true
[20:38:10.078] focus_control: hwnd=HWND(0xa3910), class='DirectUIHWND'
[20:38:10.078] is_user_typing_text = false
[20:38:10.083] get_selected_paths: target_hwnd=HWND(0x1e1410), class='CabinetWClass', title='documents — проводник', shell_windows_count=5
[20:38:10.089] item 0: is_hwnd_match=true, loc='documents', count=1
[20:38:10.089] Exact HWND match! Returning 1 files
[20:38:10.090] Worker thread got 1 files, active: d:\Users\Kobalt\Documents\Смета_проект_1.xlsx
[20:38:10.105] window.show: Ok(()), set_focus: Ok(())
[20:38:11.812] navigate_adjacent: focused_idx=125, total_count=194, dir=ArrowDown
[20:38:11.826] navigate_adjacent succeeded: Some("d:\\Users\\Kobalt\\Documents\\desktop.ini")
[20:38:13.098] navigate_adjacent: focused_idx=126, total_count=194, dir=ArrowDown
[20:38:13.110] navigate_adjacent succeeded: Some("d:\\Users\\Kobalt\\Documents\\Презентация_Иванов_Иван.pptx")
[20:38:15.962] navigate_adjacent: focused_idx=127, total_count=194, dir=ArrowDown
[20:38:15.976] navigate_adjacent succeeded: Some("d:\\Users\\Kobalt\\Documents\\🍀🍀🍀❤\u{fe0f}ПрезентацияЦветы_Баха\u{a0}—_копия_2.pptx")
[20:38:26.559] Escape key DOWN event intercepted!
[20:38:26.559] hide_and_reset called
[20:38:26.564] Restored foreground focus to Explorer HWND: HWND(0x1e1410)
[20:38:28.240] navigate_adjacent: focused_idx=129, total_count=194, dir=ArrowDown
[20:38:28.242] navigate_adjacent succeeded: Some("d:\\Users\\Kobalt\\Documents\\Печной комплекс 7 х 2,5 кирпича для беседки.zip")
[20:38:28.245] navigate_adjacent: focused_idx=130, total_count=194, dir=ArrowRight
[20:38:28.248] navigate_adjacent succeeded: Some("d:\\Users\\Kobalt\\Documents\\010101.txt")
[20:38:28.251] navigate_adjacent: focused_idx=131, total_count=194, dir=ArrowDown
[20:38:28.262] navigate_adjacent succeeded: Some("d:\\Users\\Kobalt\\Documents\\Element.txt")
[20:38:28.264] hide_and_reset called
[20:38:28.264] Restored foreground focus to Explorer HWND: HWND(0x1e1410)
[20:38:30.376] Space key DOWN event intercepted!
[20:38:30.376] Peekit window state: visible=false, is_focused=false, fg_hwnd=HWND(0x1e1410)
[20:38:30.376] is_explorer_check: hwnd=HWND(0x1e1410), class='CabinetWClass'
[20:38:30.376] is_explorer_or_desktop_active = true
[20:38:30.376] focus_control: hwnd=HWND(0xa3910), class='DirectUIHWND'
[20:38:30.376] is_user_typing_text = false
[20:38:30.379] get_selected_paths: target_hwnd=HWND(0x1e1410), class='CabinetWClass', title='documents — проводник', shell_windows_count=5
[20:38:30.381] item 0: is_hwnd_match=true, loc='documents', count=1
[20:38:30.381] Exact HWND match! Returning 1 files
[20:38:30.381] Worker thread got 1 files, active: d:\Users\Kobalt\Documents\Agents.zip
[20:38:30.395] window.show: Ok(()), set_focus: Ok(())
[20:38:38.089] Escape key DOWN event intercepted!
[20:38:38.089] hide_and_reset called
[20:38:38.092] Restored foreground focus to Explorer HWND: HWND(0x1e1410)
[20:38:39.193] Space key DOWN event intercepted!
[20:38:39.194] Peekit window state: visible=false, is_focused=false, fg_hwnd=HWND(0x1e1410)
[20:38:39.194] is_explorer_check: hwnd=HWND(0x1e1410), class='CabinetWClass'
[20:38:39.194] is_explorer_or_desktop_active = true
[20:38:39.194] focus_control: hwnd=HWND(0xa3910), class='DirectUIHWND'
[20:38:39.194] is_user_typing_text = false
[20:38:39.196] get_selected_paths: target_hwnd=HWND(0x1e1410), class='CabinetWClass', title='documents — проводник', shell_windows_count=5
[20:38:39.199] item 0: is_hwnd_match=true, loc='documents', count=1
[20:38:39.200] Exact HWND match! Returning 1 files
[20:38:39.200] Worker thread got 1 files, active: d:\Users\Kobalt\Documents\Agents.zip
[20:38:39.215] window.show: Ok(()), set_focus: Ok(())
[20:38:40.539] hide_and_reset called
[20:38:40.549] Restored foreground focus to Explorer HWND: HWND(0x1e1410)
[20:38:40.561] Space key UP event intercepted!
[20:38:40.582] hide_and_reset called
[20:38:40.582] Restored foreground focus to Explorer HWND: HWND(0x1e1410)
[20:38:40.584] hide_and_reset called
[20:38:40.584] Restored foreground focus to Explorer HWND: HWND(0x1e1410)
[20:38:40.584] hide_and_reset called
[20:38:40.585] Restored foreground focus to Explorer HWND: HWND(0x1e1410)
[20:38:40.729] Space key DOWN event intercepted!
[20:38:40.729] Peekit window state: visible=false, is_focused=false, fg_hwnd=HWND(0x1e1410)
[20:38:40.729] is_explorer_check: hwnd=HWND(0x1e1410), class='CabinetWClass'
[20:38:40.729] is_explorer_or_desktop_active = true
[20:38:40.730] focus_control: hwnd=HWND(0xa3910), class='DirectUIHWND'
[20:38:40.730] is_user_typing_text = false
[20:38:40.733] get_selected_paths: target_hwnd=HWND(0x1e1410), class='CabinetWClass', title='documents — проводник', shell_windows_count=5
[20:38:40.735] item 0: is_hwnd_match=true, loc='documents', count=1
[20:38:40.736] Exact HWND match! Returning 1 files
[20:38:40.736] Worker thread got 1 files, active: d:\Users\Kobalt\Documents\Agents.zip
[20:38:40.753] window.show: Ok(()), set_focus: Ok(())
[20:38:48.450] Escape key DOWN event intercepted!
[20:38:48.450] hide_and_reset called
[20:38:48.453] Restored foreground focus to Explorer HWND: HWND(0x1e1410)
[20:38:49.658] Space key DOWN event intercepted!
[20:38:49.658] Peekit window state: visible=false, is_focused=false, fg_hwnd=HWND(0x1e1410)
[20:38:49.658] is_explorer_check: hwnd=HWND(0x1e1410), class='CabinetWClass'
[20:38:49.658] is_explorer_or_desktop_active = true
[20:38:49.658] focus_control: hwnd=HWND(0xa3910), class='DirectUIHWND'
[20:38:49.658] is_user_typing_text = false
[20:38:49.661] get_selected_paths: target_hwnd=HWND(0x1e1410), class='CabinetWClass', title='documents — проводник', shell_windows_count=5
[20:38:49.663] item 0: is_hwnd_match=true, loc='documents', count=1
[20:38:49.663] Exact HWND match! Returning 1 files
[20:38:49.664] Worker thread got 1 files, active: d:\Users\Kobalt\Documents\Печной комплекс 7 х 2,5 кирпича для беседки.zip
[20:38:49.675] window.show: Ok(()), set_focus: Ok(())
[20:38:52.208] navigate_adjacent: focused_idx=130, total_count=194, dir=ArrowDown
[20:38:52.221] navigate_adjacent succeeded: Some("d:\\Users\\Kobalt\\Documents\\010101.txt")
[20:38:54.000] navigate_adjacent: focused_idx=131, total_count=194, dir=ArrowDown
[20:38:54.009] navigate_adjacent succeeded: Some("d:\\Users\\Kobalt\\Documents\\Element.txt")
[20:38:55.464] navigate_adjacent: focused_idx=132, total_count=194, dir=ArrowDown
[20:38:55.481] navigate_adjacent succeeded: Some("d:\\Users\\Kobalt\\Documents\\gs-pulse-agent.txt")
[20:38:56.376] navigate_adjacent: focused_idx=133, total_count=194, dir=ArrowDown
[20:38:56.395] navigate_adjacent succeeded: Some("d:\\Users\\Kobalt\\Documents\\SSH.txt")
[20:38:57.744] navigate_adjacent: focused_idx=134, total_count=194, dir=ArrowDown
[20:38:57.765] navigate_adjacent succeeded: Some("d:\\Users\\Kobalt\\Documents\\translation.txt")
[20:38:58.399] navigate_adjacent: focused_idx=135, total_count=194, dir=ArrowDown
[20:38:58.416] navigate_adjacent succeeded: Some("d:\\Users\\Kobalt\\Documents\\Данные для бота Hiddify.txt")
[20:38:58.793] navigate_adjacent: focused_idx=136, total_count=194, dir=ArrowDown
[20:38:58.816] navigate_adjacent succeeded: Some("d:\\Users\\Kobalt\\Documents\\Доступ на мой сервер.txt")
[20:38:59.263] navigate_adjacent: focused_idx=137, total_count=194, dir=ArrowDown
[20:38:59.281] navigate_adjacent succeeded: Some("d:\\Users\\Kobalt\\Documents\\Парсер.txt")
[20:38:59.784] navigate_adjacent: focused_idx=138, total_count=194, dir=ArrowDown
[20:38:59.803] navigate_adjacent succeeded: Some("d:\\Users\\Kobalt\\Documents\\Расшифровки_исследований_КЭДО_2025.txt")
[20:39:00.288] navigate_adjacent: focused_idx=139, total_count=194, dir=ArrowDown
[20:39:00.304] navigate_adjacent succeeded: Some("d:\\Users\\Kobalt\\Documents\\Руководства СТА.txt")
[20:39:02.144] navigate_adjacent: focused_idx=140, total_count=194, dir=ArrowDown
[20:39:02.161] navigate_adjacent succeeded: Some("d:\\Users\\Kobalt\\Documents\\STA_Logo.ai")
[20:39:03.041] navigate_adjacent: focused_idx=141, total_count=194, dir=ArrowDown
[20:39:03.059] navigate_adjacent succeeded: Some("d:\\Users\\Kobalt\\Documents\\Ловец снов.ai")
[20:39:03.664] navigate_adjacent: focused_idx=142, total_count=194, dir=ArrowDown
[20:39:03.683] navigate_adjacent succeeded: Some("d:\\Users\\Kobalt\\Documents\\Наклейки на коллекторы.ai")
[20:39:04.168] navigate_adjacent: focused_idx=143, total_count=194, dir=ArrowDown
[20:39:04.189] navigate_adjacent succeeded: Some("d:\\Users\\Kobalt\\Documents\\uptime-kuma-howto-1024x576.avif")
[20:39:05.177] navigate_adjacent: focused_idx=144, total_count=194, dir=ArrowDown
[20:39:05.198] navigate_adjacent succeeded: Some("d:\\Users\\Kobalt\\Documents\\kobalt.code-profile")
[20:39:05.784] navigate_adjacent: focused_idx=145, total_count=194, dir=ArrowDown
[20:39:05.804] navigate_adjacent succeeded: Some("d:\\Users\\Kobalt\\Documents\\Nastya.conf")
[20:39:06.585] navigate_adjacent: focused_idx=146, total_count=194, dir=ArrowDown
[20:39:06.604] navigate_adjacent succeeded: Some("d:\\Users\\Kobalt\\Documents\\Новый проект.dae")
[20:39:07.625] navigate_adjacent: focused_idx=147, total_count=194, dir=ArrowDown
[20:39:07.643] navigate_adjacent succeeded: Some("d:\\Users\\Kobalt\\Documents\\.env")
[20:39:08.849] navigate_adjacent: focused_idx=148, total_count=194, dir=ArrowDown
[20:39:08.868] navigate_adjacent succeeded: Some("d:\\Users\\Kobalt\\Documents\\Голос Карли.fb2")
[20:39:11.697] navigate_adjacent: focused_idx=149, total_count=194, dir=ArrowDown
[20:39:11.718] navigate_adjacent succeeded: Some("d:\\Users\\Kobalt\\Documents\\0101010.gpcs")
[20:39:13.946] navigate_adjacent: focused_idx=150, total_count=194, dir=ArrowUp
[20:39:13.956] navigate_adjacent succeeded: Some("d:\\Users\\Kobalt\\Documents\\Голос Карли.fb2")
[20:39:16.210] navigate_adjacent: focused_idx=149, total_count=194, dir=ArrowDown
[20:39:16.220] navigate_adjacent succeeded: Some("d:\\Users\\Kobalt\\Documents\\0101010.gpcs")
[20:39:17.290] navigate_adjacent: focused_idx=150, total_count=194, dir=ArrowDown
[20:39:17.307] navigate_adjacent succeeded: Some("d:\\Users\\Kobalt\\Documents\\GitGemini.gpcs")
[20:39:17.810] navigate_adjacent: focused_idx=151, total_count=194, dir=ArrowDown
[20:39:17.826] navigate_adjacent succeeded: Some("d:\\Users\\Kobalt\\Documents\\Добавление API Gemini к Openmemory.gpcs")
[20:39:18.346] navigate_adjacent: focused_idx=152, total_count=194, dir=ArrowDown
[20:39:18.365] navigate_adjacent succeeded: Some("d:\\Users\\Kobalt\\Documents\\Документация для GitGeminiPro.gpcs")
[20:39:18.785] navigate_adjacent: focused_idx=153, total_count=194, dir=ArrowDown
[20:39:18.804] navigate_adjacent succeeded: Some("d:\\Users\\Kobalt\\Documents\\Новая_сессия.gpcs")
[20:39:19.242] navigate_adjacent: focused_idx=154, total_count=194, dir=ArrowDown
[20:39:19.260] navigate_adjacent succeeded: Some("d:\\Users\\Kobalt\\Documents\\Новый чат с памятью.gpcs")
[20:39:37.951] Space key DOWN event intercepted!
[20:39:38.063] Space key UP event intercepted!
[20:39:38.703] Escape key DOWN event intercepted!
[20:39:38.703] hide_and_reset called
[20:39:38.707] Restored foreground focus to Explorer HWND: HWND(0x1e1410)
[20:39:39.615] Space key DOWN event intercepted!
[20:39:39.616] Peekit window state: visible=false, is_focused=false, fg_hwnd=HWND(0x1e1410)
[20:39:39.616] is_explorer_check: hwnd=HWND(0x1e1410), class='CabinetWClass'
[20:39:39.616] is_explorer_or_desktop_active = true
[20:39:39.616] focus_control: hwnd=HWND(0xd38d6), class='DirectUIHWND'
[20:39:39.616] is_user_typing_text = false
[20:39:39.619] get_selected_paths: target_hwnd=HWND(0x1e1410), class='CabinetWClass', title='новгородова — проводник', shell_windows_count=5
[20:39:39.627] item 0: is_hwnd_match=true, loc='новгородова', count=1
[20:39:39.627] Exact HWND match! Returning 1 files
[20:39:39.628] Worker thread got 1 files, active: d:\Users\Kobalt\Videos\Новгородова\MartinKalff_InsightIntoSandplayTherapy.mp4
[20:39:39.643] window.show: Ok(()), set_focus: Ok(())
[20:39:45.795] hide_and_reset called
[20:39:45.807] Restored foreground focus to Explorer HWND: HWND(0x1e1410)
[20:39:48.176] Space key DOWN event intercepted!
[20:39:48.176] Peekit window state: visible=false, is_focused=false, fg_hwnd=HWND(0x1e1410)
[20:39:48.177] is_explorer_check: hwnd=HWND(0x1e1410), class='CabinetWClass'
[20:39:48.177] is_explorer_or_desktop_active = true
[20:39:48.177] focus_control: hwnd=HWND(0xd38d6), class='DirectUIHWND'
[20:39:48.177] is_user_typing_text = false
[20:39:48.181] get_selected_paths: target_hwnd=HWND(0x1e1410), class='CabinetWClass', title='новгородова — проводник', shell_windows_count=5
[20:39:48.184] item 0: is_hwnd_match=true, loc='новгородова', count=1
[20:39:48.184] Exact HWND match! Returning 1 files
[20:39:48.184] Worker thread got 1 files, active: d:\Users\Kobalt\Videos\Новгородова\MartinKalff_InsightIntoSandplayTherapy.mkv
[20:39:48.203] window.show: Ok(()), set_focus: Ok(())
[20:39:52.143] navigate_adjacent: focused_idx=24, total_count=34, dir=ArrowDown
[20:39:52.157] navigate_adjacent succeeded: Some("d:\\Users\\Kobalt\\Videos\\Новгородова\\MartinKalff_InsightIntoSandplayTherapy.mp4")
[20:39:53.773] navigate_adjacent: focused_idx=25, total_count=34, dir=ArrowDown
[20:39:53.786] navigate_adjacent succeeded: Some("d:\\Users\\Kobalt\\Videos\\Новгородова\\Sandplay - Dora Kalff.en.srt")
[20:39:54.910] navigate_adjacent: focused_idx=26, total_count=34, dir=ArrowDown
[20:39:54.920] navigate_adjacent succeeded: Some("d:\\Users\\Kobalt\\Videos\\Новгородова\\Sandplay - Dora Kalff.mkv")
[20:39:59.751] navigate_adjacent: focused_idx=27, total_count=34, dir=ArrowDown
[20:39:59.764] navigate_adjacent succeeded: Some("d:\\Users\\Kobalt\\Videos\\Новгородова\\Sandplay - Dora Kalff.mp4")
[20:40:06.679] hide_and_reset called
[20:40:06.692] Restored foreground focus to Explorer HWND: HWND(0x1e1410)
[20:40:17.059] Space key DOWN event intercepted!
[20:40:17.060] Peekit window state: visible=false, is_focused=false, fg_hwnd=HWND(0x1b2734)
[20:40:17.060] is_explorer_check: hwnd=HWND(0x1b2734), class='Chrome_WidgetWin_1'
[20:40:17.060] process_check: pid=30460, path='c:\users\kobalt\appdata\local\programs\antigravity ide\antigravity ide.exe', is_exp=false
[20:40:17.060] is_explorer_or_desktop_active = false
[20:40:17.171] Space key UP event intercepted!
[20:40:17.420] Space key DOWN event intercepted!
[20:40:17.420] Peekit window state: visible=false, is_focused=false, fg_hwnd=HWND(0x1b2734)
[20:40:17.420] is_explorer_check: hwnd=HWND(0x1b2734), class='Chrome_WidgetWin_1'
[20:40:17.420] process_check: pid=30460, path='c:\users\kobalt\appdata\local\programs\antigravity ide\antigravity ide.exe', is_exp=false
[20:40:17.420] is_explorer_or_desktop_active = false
[20:40:17.548] Space key UP event intercepted!
[20:40:18.140] Space key DOWN event intercepted!
[20:40:18.140] Peekit window state: visible=false, is_focused=false, fg_hwnd=HWND(0x1b2734)
[20:40:18.140] is_explorer_check: hwnd=HWND(0x1b2734), class='Chrome_WidgetWin_1'
[20:40:18.140] process_check: pid=30460, path='c:\users\kobalt\appdata\local\programs\antigravity ide\antigravity ide.exe', is_exp=false
[20:40:18.140] is_explorer_or_desktop_active = false
[20:40:18.236] Space key UP event intercepted!
[20:40:20.292] Space key DOWN event intercepted!
[20:40:20.292] Peekit window state: visible=false, is_focused=false, fg_hwnd=HWND(0x1b2734)
[20:40:20.292] is_explorer_check: hwnd=HWND(0x1b2734), class='Chrome_WidgetWin_1'
[20:40:20.292] process_check: pid=30460, path='c:\users\kobalt\appdata\local\programs\antigravity ide\antigravity ide.exe', is_exp=false
[20:40:20.292] is_explorer_or_desktop_active = false
[20:40:20.436] Space key UP event intercepted!
[20:40:21.660] Space key DOWN event intercepted!
[20:40:21.660] Peekit window state: visible=false, is_focused=false, fg_hwnd=HWND(0x1b2734)
[20:40:21.660] is_explorer_check: hwnd=HWND(0x1b2734), class='Chrome_WidgetWin_1'
[20:40:21.660] process_check: pid=30460, path='c:\users\kobalt\appdata\local\programs\antigravity ide\antigravity ide.exe', is_exp=false
[20:40:21.660] is_explorer_or_desktop_active = false
[20:40:21.772] Space key UP event intercepted!
[20:40:23.780] Space key DOWN event intercepted!
[20:40:23.780] Peekit window state: visible=false, is_focused=false, fg_hwnd=HWND(0x1b2734)
[20:40:23.780] is_explorer_check: hwnd=HWND(0x1b2734), class='Chrome_WidgetWin_1'
[20:40:23.781] process_check: pid=30460, path='c:\users\kobalt\appdata\local\programs\antigravity ide\antigravity ide.exe', is_exp=false
[20:40:23.781] is_explorer_or_desktop_active = false
[20:40:23.940] Space key UP event intercepted!
[20:40:41.086] Space key DOWN event intercepted!
[20:40:41.086] Peekit window state: visible=false, is_focused=false, fg_hwnd=HWND(0x1b2734)
[20:40:41.086] is_explorer_check: hwnd=HWND(0x1b2734), class='Chrome_WidgetWin_1'
[20:40:41.087] process_check: pid=30460, path='c:\users\kobalt\appdata\local\programs\antigravity ide\antigravity ide.exe', is_exp=false
[20:40:41.087] is_explorer_or_desktop_active = false
[20:40:41.222] Space key UP event intercepted!
[20:40:44.614] Space key DOWN event intercepted!
[20:40:44.615] Peekit window state: visible=false, is_focused=false, fg_hwnd=HWND(0x1b2734)
[20:40:44.615] is_explorer_check: hwnd=HWND(0x1b2734), class='Chrome_WidgetWin_1'
[20:40:44.615] process_check: pid=30460, path='c:\users\kobalt\appdata\local\programs\antigravity ide\antigravity ide.exe', is_exp=false
[20:40:44.615] is_explorer_or_desktop_active = false
[20:40:44.727] Space key UP event intercepted!
[20:40:46.063] Space key DOWN event intercepted!
[20:40:46.063] Peekit window state: visible=false, is_focused=false, fg_hwnd=HWND(0x1b2734)
[20:40:46.063] is_explorer_check: hwnd=HWND(0x1b2734), class='Chrome_WidgetWin_1'
[20:40:46.063] process_check: pid=30460, path='c:\users\kobalt\appdata\local\programs\antigravity ide\antigravity ide.exe', is_exp=false
[20:40:46.063] is_explorer_or_desktop_active = false
[20:40:46.207] Space key UP event intercepted!
[20:40:47.696] Space key DOWN event intercepted!
[20:40:47.696] Peekit window state: visible=false, is_focused=false, fg_hwnd=HWND(0x1b2734)
[20:40:47.696] is_explorer_check: hwnd=HWND(0x1b2734), class='Chrome_WidgetWin_1'
[20:40:47.696] process_check: pid=30460, path='c:\users\kobalt\appdata\local\programs\antigravity ide\antigravity ide.exe', is_exp=false
[20:40:47.696] is_explorer_or_desktop_active = false
[20:40:47.839] Space key UP event intercepted!
[20:40:48.591] Space key DOWN event intercepted!
[20:40:48.591] Peekit window state: visible=false, is_focused=false, fg_hwnd=HWND(0x1b2734)
[20:40:48.591] is_explorer_check: hwnd=HWND(0x1b2734), class='Chrome_WidgetWin_1'
[20:40:48.591] process_check: pid=30460, path='c:\users\kobalt\appdata\local\programs\antigravity ide\antigravity ide.exe', is_exp=false
[20:40:48.591] is_explorer_or_desktop_active = false
[20:40:48.703] Space key UP event intercepted!
[20:40:55.320] Space key DOWN event intercepted!
[20:40:55.320] Peekit window state: visible=false, is_focused=false, fg_hwnd=HWND(0x1b2734)
[20:40:55.320] is_explorer_check: hwnd=HWND(0x1b2734), class='Chrome_WidgetWin_1'
[20:40:55.320] process_check: pid=30460, path='c:\users\kobalt\appdata\local\programs\antigravity ide\antigravity ide.exe', is_exp=false
[20:40:55.320] is_explorer_or_desktop_active = false
[20:40:55.432] Space key UP event intercepted!
[20:40:56.576] Space key DOWN event intercepted!
[20:40:56.576] Peekit window state: visible=false, is_focused=false, fg_hwnd=HWND(0x1b2734)
[20:40:56.576] is_explorer_check: hwnd=HWND(0x1b2734), class='Chrome_WidgetWin_1'
[20:40:56.576] process_check: pid=30460, path='c:\users\kobalt\appdata\local\programs\antigravity ide\antigravity ide.exe', is_exp=false
[20:40:56.576] is_explorer_or_desktop_active = false
[20:40:56.704] Space key UP event intercepted!
[20:41:01.680] Space key DOWN event intercepted!
[20:41:01.681] Peekit window state: visible=false, is_focused=false, fg_hwnd=HWND(0x1b2734)
[20:41:01.681] is_explorer_check: hwnd=HWND(0x1b2734), class='Chrome_WidgetWin_1'
[20:41:01.681] process_check: pid=30460, path='c:\users\kobalt\appdata\local\programs\antigravity ide\antigravity ide.exe', is_exp=false
[20:41:01.681] is_explorer_or_desktop_active = false
[20:41:01.808] Space key UP event intercepted!
[20:41:03.177] Space key DOWN event intercepted!
[20:41:03.177] Peekit window state: visible=false, is_focused=false, fg_hwnd=HWND(0x1b2734)
[20:41:03.178] is_explorer_check: hwnd=HWND(0x1b2734), class='Chrome_WidgetWin_1'
[20:41:03.178] process_check: pid=30460, path='c:\users\kobalt\appdata\local\programs\antigravity ide\antigravity ide.exe', is_exp=false
[20:41:03.178] is_explorer_or_desktop_active = false
[20:41:03.305] Space key UP event intercepted!
[20:41:16.322] Space key DOWN event intercepted!
[20:41:16.322] Peekit window state: visible=false, is_focused=false, fg_hwnd=HWND(0x1b2734)
[20:41:16.322] is_explorer_check: hwnd=HWND(0x1b2734), class='Chrome_WidgetWin_1'
[20:41:16.323] process_check: pid=30460, path='c:\users\kobalt\appdata\local\programs\antigravity ide\antigravity ide.exe', is_exp=false
[20:41:16.323] is_explorer_or_desktop_active = false
[20:41:16.418] Space key UP event intercepted!
[20:41:17.723] Space key DOWN event intercepted!
[20:41:17.723] Peekit window state: visible=false, is_focused=false, fg_hwnd=HWND(0x1b2734)
[20:41:17.723] is_explorer_check: hwnd=HWND(0x1b2734), class='Chrome_WidgetWin_1'
[20:41:17.723] process_check: pid=30460, path='c:\users\kobalt\appdata\local\programs\antigravity ide\antigravity ide.exe', is_exp=false
[20:41:17.723] is_explorer_or_desktop_active = false
[20:41:17.818] Space key UP event intercepted!
[20:41:18.019] Space key DOWN event intercepted!
[20:41:18.019] Peekit window state: visible=false, is_focused=false, fg_hwnd=HWND(0x1b2734)
[20:41:18.019] is_explorer_check: hwnd=HWND(0x1b2734), class='Chrome_WidgetWin_1'
[20:41:18.019] process_check: pid=30460, path='c:\users\kobalt\appdata\local\programs\antigravity ide\antigravity ide.exe', is_exp=false
[20:41:18.019] is_explorer_or_desktop_active = false
[20:41:18.146] Space key UP event intercepted!
[20:41:24.507] Space key DOWN event intercepted!
[20:41:24.507] Peekit window state: visible=false, is_focused=false, fg_hwnd=HWND(0x1b2734)
[20:41:24.507] is_explorer_check: hwnd=HWND(0x1b2734), class='Chrome_WidgetWin_1'
[20:41:24.507] process_check: pid=30460, path='c:\users\kobalt\appdata\local\programs\antigravity ide\antigravity ide.exe', is_exp=false
[20:41:24.508] is_explorer_or_desktop_active = false
[20:41:24.651] Space key UP event intercepted!
[20:41:24.964] Space key DOWN event intercepted!
[20:41:24.964] Peekit window state: visible=false, is_focused=false, fg_hwnd=HWND(0x1b2734)
[20:41:24.964] is_explorer_check: hwnd=HWND(0x1b2734), class='Chrome_WidgetWin_1'
[20:41:24.964] process_check: pid=30460, path='c:\users\kobalt\appdata\local\programs\antigravity ide\antigravity ide.exe', is_exp=false
[20:41:24.964] is_explorer_or_desktop_active = false
[20:41:25.091] Space key UP event intercepted!
[20:41:25.611] Space key DOWN event intercepted!
[20:41:25.611] Peekit window state: visible=false, is_focused=false, fg_hwnd=HWND(0x1b2734)
[20:41:25.611] is_explorer_check: hwnd=HWND(0x1b2734), class='Chrome_WidgetWin_1'
[20:41:25.611] process_check: pid=30460, path='c:\users\kobalt\appdata\local\programs\antigravity ide\antigravity ide.exe', is_exp=false
[20:41:25.612] is_explorer_or_desktop_active = false
[20:41:25.755] Space key UP event intercepted!
[20:41:28.308] Space key DOWN event intercepted!
[20:41:28.308] Peekit window state: visible=false, is_focused=false, fg_hwnd=HWND(0x1b2734)
[20:41:28.308] is_explorer_check: hwnd=HWND(0x1b2734), class='Chrome_WidgetWin_1'
[20:41:28.309] process_check: pid=30460, path='c:\users\kobalt\appdata\local\programs\antigravity ide\antigravity ide.exe', is_exp=false
[20:41:28.309] is_explorer_or_desktop_active = false
[20:41:28.404] Space key UP event intercepted!
[20:45:43.519] Space key DOWN event intercepted!
[20:45:43.520] Peekit window state: visible=false, is_focused=false, fg_hwnd=HWND(0x1b2734)
[20:45:43.520] is_explorer_check: hwnd=HWND(0x1b2734), class='Chrome_WidgetWin_1'
[20:45:43.520] process_check: pid=30460, path='c:\users\kobalt\appdata\local\programs\antigravity ide\antigravity ide.exe', is_exp=false
[20:45:43.520] is_explorer_or_desktop_active = false
[20:45:43.599] Space key UP event intercepted!
[20:45:43.896] Space key DOWN event intercepted!
[20:45:43.896] Peekit window state: visible=false, is_focused=false, fg_hwnd=HWND(0x1b2734)
[20:45:43.896] is_explorer_check: hwnd=HWND(0x1b2734), class='Chrome_WidgetWin_1'
[20:45:43.896] process_check: pid=30460, path='c:\users\kobalt\appdata\local\programs\antigravity ide\antigravity ide.exe', is_exp=false
[20:45:43.896] is_explorer_or_desktop_active = false
[20:45:43.959] Space key UP event intercepted!
[20:45:45.576] Space key DOWN event intercepted!
[20:45:45.576] Peekit window state: visible=false, is_focused=false, fg_hwnd=HWND(0x1b2734)
[20:45:45.576] is_explorer_check: hwnd=HWND(0x1b2734), class='Chrome_WidgetWin_1'
[20:45:45.576] process_check: pid=30460, path='c:\users\kobalt\appdata\local\programs\antigravity ide\antigravity ide.exe', is_exp=false
[20:45:45.577] is_explorer_or_desktop_active = false
[20:45:45.672] Space key UP event intercepted!
[20:45:46.472] Space key DOWN event intercepted!
[20:45:46.472] Peekit window state: visible=false, is_focused=false, fg_hwnd=HWND(0x1b2734)
[20:45:46.472] is_explorer_check: hwnd=HWND(0x1b2734), class='Chrome_WidgetWin_1'
[20:45:46.472] process_check: pid=30460, path='c:\users\kobalt\appdata\local\programs\antigravity ide\antigravity ide.exe', is_exp=false
[20:45:46.472] is_explorer_or_desktop_active = false
[20:45:46.552] Space key UP event intercepted!
[20:45:47.192] Space key DOWN event intercepted!
[20:45:47.192] Peekit window state: visible=false, is_focused=false, fg_hwnd=HWND(0x1b2734)
[20:45:47.192] is_explorer_check: hwnd=HWND(0x1b2734), class='Chrome_WidgetWin_1'
[20:45:47.193] process_check: pid=30460, path='c:\users\kobalt\appdata\local\programs\antigravity ide\antigravity ide.exe', is_exp=false
[20:45:47.193] is_explorer_or_desktop_active = false
[20:45:47.304] Space key UP event intercepted!
[20:45:48.088] Space key DOWN event intercepted!
[20:45:48.088] Peekit window state: visible=false, is_focused=false, fg_hwnd=HWND(0x1b2734)
[20:45:48.088] is_explorer_check: hwnd=HWND(0x1b2734), class='Chrome_WidgetWin_1'
[20:45:48.088] process_check: pid=30460, path='c:\users\kobalt\appdata\local\programs\antigravity ide\antigravity ide.exe', is_exp=false
[20:45:48.089] is_explorer_or_desktop_active = false
[20:45:48.216] Space key UP event intercepted!
[20:45:49.280] Space key DOWN event intercepted!
[20:45:49.280] Peekit window state: visible=false, is_focused=false, fg_hwnd=HWND(0x1b2734)
[20:45:49.280] is_explorer_check: hwnd=HWND(0x1b2734), class='Chrome_WidgetWin_1'
[20:45:49.280] process_check: pid=30460, path='c:\users\kobalt\appdata\local\programs\antigravity ide\antigravity ide.exe', is_exp=false
[20:45:49.281] is_explorer_or_desktop_active = false
[20:45:49.408] Space key UP event intercepted!
[20:46:27.805] Space key DOWN event intercepted!
[20:46:27.805] Peekit window state: visible=false, is_focused=false, fg_hwnd=HWND(0x1b2734)
[20:46:27.805] is_explorer_check: hwnd=HWND(0x1b2734), class='Chrome_WidgetWin_1'
[20:46:27.805] process_check: pid=30460, path='c:\users\kobalt\appdata\local\programs\antigravity ide\antigravity ide.exe', is_exp=false
[20:46:27.806] is_explorer_or_desktop_active = false
[20:46:27.900] Space key UP event intercepted!
[20:46:28.196] Space key DOWN event intercepted!
[20:46:28.196] Peekit window state: visible=false, is_focused=false, fg_hwnd=HWND(0x1b2734)
[20:46:28.197] is_explorer_check: hwnd=HWND(0x1b2734), class='Chrome_WidgetWin_1'
[20:46:28.197] process_check: pid=30460, path='c:\users\kobalt\appdata\local\programs\antigravity ide\antigravity ide.exe', is_exp=false
[20:46:28.197] is_explorer_or_desktop_active = false
[20:46:28.293] Space key UP event intercepted!
[20:46:29.692] Space key DOWN event intercepted!
[20:46:29.693] Peekit window state: visible=false, is_focused=false, fg_hwnd=HWND(0x1b2734)
[20:46:29.693] is_explorer_check: hwnd=HWND(0x1b2734), class='Chrome_WidgetWin_1'
[20:46:29.693] process_check: pid=30460, path='c:\users\kobalt\appdata\local\programs\antigravity ide\antigravity ide.exe', is_exp=false
[20:46:29.693] is_explorer_or_desktop_active = false
[20:46:29.821] Space key UP event intercepted!
[20:46:30.637] Space key DOWN event intercepted!
[20:46:30.637] Peekit window state: visible=false, is_focused=false, fg_hwnd=HWND(0x1b2734)
[20:46:30.637] is_explorer_check: hwnd=HWND(0x1b2734), class='Chrome_WidgetWin_1'
[20:46:30.637] process_check: pid=30460, path='c:\users\kobalt\appdata\local\programs\antigravity ide\antigravity ide.exe', is_exp=false
[20:46:30.637] is_explorer_or_desktop_active = false
[20:46:30.741] Space key UP event intercepted!
[20:46:31.845] Space key DOWN event intercepted!
[20:46:31.845] Peekit window state: visible=false, is_focused=false, fg_hwnd=HWND(0x1b2734)
[20:46:31.845] is_explorer_check: hwnd=HWND(0x1b2734), class='Chrome_WidgetWin_1'
[20:46:31.845] process_check: pid=30460, path='c:\users\kobalt\appdata\local\programs\antigravity ide\antigravity ide.exe', is_exp=false
[20:46:31.845] is_explorer_or_desktop_active = false
[20:46:31.941] Space key UP event intercepted!
[20:46:33.133] Space key DOWN event intercepted!
[20:46:33.133] Peekit window state: visible=false, is_focused=false, fg_hwnd=HWND(0x1b2734)
[20:46:33.133] is_explorer_check: hwnd=HWND(0x1b2734), class='Chrome_WidgetWin_1'
[20:46:33.133] process_check: pid=30460, path='c:\users\kobalt\appdata\local\programs\antigravity ide\antigravity ide.exe', is_exp=false
[20:46:33.133] is_explorer_or_desktop_active = false
[20:46:33.253] Space key UP event intercepted!
[20:46:35.142] Space key DOWN event intercepted!
[20:46:35.142] Peekit window state: visible=false, is_focused=false, fg_hwnd=HWND(0x1b2734)
[20:46:35.142] is_explorer_check: hwnd=HWND(0x1b2734), class='Chrome_WidgetWin_1'
[20:46:35.142] process_check: pid=30460, path='c:\users\kobalt\appdata\local\programs\antigravity ide\antigravity ide.exe', is_exp=false
[20:46:35.142] is_explorer_or_desktop_active = false
[20:46:35.269] Space key UP event intercepted!
[20:48:03.671] Space key DOWN event intercepted!
[20:48:03.671] Peekit window state: visible=false, is_focused=false, fg_hwnd=HWND(0x1b2734)
[20:48:03.671] is_explorer_check: hwnd=HWND(0x1b2734), class='Chrome_WidgetWin_1'
[20:48:03.671] process_check: pid=30460, path='c:\users\kobalt\appdata\local\programs\antigravity ide\antigravity ide.exe', is_exp=false
[20:48:03.671] is_explorer_or_desktop_active = false
[20:48:03.831] Space key UP event intercepted!
[20:48:50.172] Space key DOWN event intercepted!
[20:48:50.172] Peekit window state: visible=false, is_focused=false, fg_hwnd=HWND(0x1b2734)
[20:48:50.172] is_explorer_check: hwnd=HWND(0x1b2734), class='Chrome_WidgetWin_1'
[20:48:50.172] process_check: pid=30460, path='c:\users\kobalt\appdata\local\programs\antigravity ide\antigravity ide.exe', is_exp=false
[20:48:50.172] is_explorer_or_desktop_active = false
[20:48:50.292] Space key UP event intercepted!
[20:48:50.484] Space key DOWN event intercepted!
[20:48:50.484] Peekit window state: visible=false, is_focused=false, fg_hwnd=HWND(0x1b2734)
[20:48:50.485] is_explorer_check: hwnd=HWND(0x1b2734), class='Chrome_WidgetWin_1'
[20:48:50.485] process_check: pid=30460, path='c:\users\kobalt\appdata\local\programs\antigravity ide\antigravity ide.exe', is_exp=false
[20:48:50.485] is_explorer_or_desktop_active = false
[20:48:50.580] Space key UP event intercepted!
[20:48:53.172] Space key DOWN event intercepted!
[20:48:53.173] Peekit window state: visible=false, is_focused=false, fg_hwnd=HWND(0x1b2734)
[20:48:53.173] is_explorer_check: hwnd=HWND(0x1b2734), class='Chrome_WidgetWin_1'
[20:48:53.173] process_check: pid=30460, path='c:\users\kobalt\appdata\local\programs\antigravity ide\antigravity ide.exe', is_exp=false
[20:48:53.173] is_explorer_or_desktop_active = false
[20:48:53.300] Space key UP event intercepted!
[20:48:53.845] Space key DOWN event intercepted!
[20:48:53.845] Peekit window state: visible=false, is_focused=false, fg_hwnd=HWND(0x1b2734)
[20:48:53.845] is_explorer_check: hwnd=HWND(0x1b2734), class='Chrome_WidgetWin_1'
[20:48:53.845] process_check: pid=30460, path='c:\users\kobalt\appdata\local\programs\antigravity ide\antigravity ide.exe', is_exp=false
[20:48:53.845] is_explorer_or_desktop_active = false
[20:48:53.988] Space key UP event intercepted!
[20:48:55.037] Space key DOWN event intercepted!
[20:48:55.037] Peekit window state: visible=false, is_focused=false, fg_hwnd=HWND(0x1b2734)
[20:48:55.037] is_explorer_check: hwnd=HWND(0x1b2734), class='Chrome_WidgetWin_1'
[20:48:55.038] process_check: pid=30460, path='c:\users\kobalt\appdata\local\programs\antigravity ide\antigravity ide.exe', is_exp=false
[20:48:55.038] is_explorer_or_desktop_active = false
[20:48:55.132] Space key UP event intercepted!
[20:48:57.101] Space key DOWN event intercepted!
[20:48:57.101] Peekit window state: visible=false, is_focused=false, fg_hwnd=HWND(0x1b2734)
[20:48:57.101] is_explorer_check: hwnd=HWND(0x1b2734), class='Chrome_WidgetWin_1'
[20:48:57.101] process_check: pid=30460, path='c:\users\kobalt\appdata\local\programs\antigravity ide\antigravity ide.exe', is_exp=false
[20:48:57.101] is_explorer_or_desktop_active = false
[20:48:57.181] Space key UP event intercepted!
[20:48:58.005] Space key DOWN event intercepted!
[20:48:58.005] Peekit window state: visible=false, is_focused=false, fg_hwnd=HWND(0x1b2734)
[20:48:58.005] is_explorer_check: hwnd=HWND(0x1b2734), class='Chrome_WidgetWin_1'
[20:48:58.005] process_check: pid=30460, path='c:\users\kobalt\appdata\local\programs\antigravity ide\antigravity ide.exe', is_exp=false
[20:48:58.005] is_explorer_or_desktop_active = false
[20:48:58.117] Space key UP event intercepted!
[20:48:59.061] Space key DOWN event intercepted!
[20:48:59.061] Peekit window state: visible=false, is_focused=false, fg_hwnd=HWND(0x1b2734)
[20:48:59.061] is_explorer_check: hwnd=HWND(0x1b2734), class='Chrome_WidgetWin_1'
[20:48:59.061] process_check: pid=30460, path='c:\users\kobalt\appdata\local\programs\antigravity ide\antigravity ide.exe', is_exp=false
[20:48:59.061] is_explorer_or_desktop_active = false
[20:48:59.173] Space key UP event intercepted!
[20:48:59.453] Space key DOWN event intercepted!
[20:48:59.453] Peekit window state: visible=false, is_focused=false, fg_hwnd=HWND(0x1b2734)
[20:48:59.453] is_explorer_check: hwnd=HWND(0x1b2734), class='Chrome_WidgetWin_1'
[20:48:59.453] process_check: pid=30460, path='c:\users\kobalt\appdata\local\programs\antigravity ide\antigravity ide.exe', is_exp=false
[20:48:59.453] is_explorer_or_desktop_active = false
[20:48:59.565] Space key UP event intercepted!
[20:49:01.853] Space key DOWN event intercepted!
[20:49:01.853] Peekit window state: visible=false, is_focused=false, fg_hwnd=HWND(0x1b2734)
[20:49:01.853] is_explorer_check: hwnd=HWND(0x1b2734), class='Chrome_WidgetWin_1'
[20:49:01.854] process_check: pid=30460, path='c:\users\kobalt\appdata\local\programs\antigravity ide\antigravity ide.exe', is_exp=false
[20:49:01.854] is_explorer_or_desktop_active = false
[20:49:01.933] Space key UP event intercepted!
[20:49:21.055] Space key DOWN event intercepted!
[20:49:21.056] Peekit window state: visible=false, is_focused=false, fg_hwnd=HWND(0x1b2734)
[20:49:21.056] is_explorer_check: hwnd=HWND(0x1b2734), class='Chrome_WidgetWin_1'
[20:49:21.056] process_check: pid=30460, path='c:\users\kobalt\appdata\local\programs\antigravity ide\antigravity ide.exe', is_exp=false
[20:49:21.056] is_explorer_or_desktop_active = false
[20:49:21.151] Space key UP event intercepted!
[20:49:21.728] Space key DOWN event intercepted!
[20:49:21.728] Peekit window state: visible=false, is_focused=false, fg_hwnd=HWND(0x1b2734)
[20:49:21.728] is_explorer_check: hwnd=HWND(0x1b2734), class='Chrome_WidgetWin_1'
[20:49:21.728] process_check: pid=30460, path='c:\users\kobalt\appdata\local\programs\antigravity ide\antigravity ide.exe', is_exp=false
[20:49:21.728] is_explorer_or_desktop_active = false
[20:49:21.839] Space key UP event intercepted!
[20:49:22.735] Space key DOWN event intercepted!
[20:49:22.736] Peekit window state: visible=false, is_focused=false, fg_hwnd=HWND(0x1b2734)
[20:49:22.736] is_explorer_check: hwnd=HWND(0x1b2734), class='Chrome_WidgetWin_1'
[20:49:22.736] process_check: pid=30460, path='c:\users\kobalt\appdata\local\programs\antigravity ide\antigravity ide.exe', is_exp=false
[20:49:22.736] is_explorer_or_desktop_active = false
[20:49:22.848] Space key UP event intercepted!
[20:49:24.480] Space key DOWN event intercepted!
[20:49:24.480] Peekit window state: visible=false, is_focused=false, fg_hwnd=HWND(0x1b2734)
[20:49:24.480] is_explorer_check: hwnd=HWND(0x1b2734), class='Chrome_WidgetWin_1'
[20:49:24.480] process_check: pid=30460, path='c:\users\kobalt\appdata\local\programs\antigravity ide\antigravity ide.exe', is_exp=false
[20:49:24.480] is_explorer_or_desktop_active = false
[20:49:24.592] Space key UP event intercepted!
[20:49:28.000] Space key DOWN event intercepted!
[20:49:28.000] Peekit window state: visible=false, is_focused=false, fg_hwnd=HWND(0x1b2734)
[20:49:28.000] is_explorer_check: hwnd=HWND(0x1b2734), class='Chrome_WidgetWin_1'
[20:49:28.000] process_check: pid=30460, path='c:\users\kobalt\appdata\local\programs\antigravity ide\antigravity ide.exe', is_exp=false
[20:49:28.000] is_explorer_or_desktop_active = false
[20:49:28.096] Space key UP event intercepted!
[20:49:30.073] Space key DOWN event intercepted!
[20:49:30.073] Peekit window state: visible=false, is_focused=false, fg_hwnd=HWND(0x1b2734)
[20:49:30.073] is_explorer_check: hwnd=HWND(0x1b2734), class='Chrome_WidgetWin_1'
[20:49:30.073] process_check: pid=30460, path='c:\users\kobalt\appdata\local\programs\antigravity ide\antigravity ide.exe', is_exp=false
[20:49:30.073] is_explorer_or_desktop_active = false
[20:49:30.168] Space key UP event intercepted!
[20:49:30.744] Space key DOWN event intercepted!
[20:49:30.744] Peekit window state: visible=false, is_focused=false, fg_hwnd=HWND(0x1b2734)
[20:49:30.745] is_explorer_check: hwnd=HWND(0x1b2734), class='Chrome_WidgetWin_1'
[20:49:30.745] process_check: pid=30460, path='c:\users\kobalt\appdata\local\programs\antigravity ide\antigravity ide.exe', is_exp=false
[20:49:30.745] is_explorer_or_desktop_active = false
[20:49:30.856] Space key UP event intercepted!
[20:49:31.753] Space key DOWN event intercepted!
[20:49:31.753] Peekit window state: visible=false, is_focused=false, fg_hwnd=HWND(0x1b2734)
[20:49:31.753] is_explorer_check: hwnd=HWND(0x1b2734), class='Chrome_WidgetWin_1'
[20:49:31.753] process_check: pid=30460, path='c:\users\kobalt\appdata\local\programs\antigravity ide\antigravity ide.exe', is_exp=false
[20:49:31.753] is_explorer_or_desktop_active = false
[20:49:31.881] Space key UP event intercepted!
[20:51:18.084] Space key DOWN event intercepted!
[20:51:18.084] Peekit window state: visible=false, is_focused=false, fg_hwnd=HWND(0x1b2734)
[20:51:18.085] is_explorer_check: hwnd=HWND(0x1b2734), class='Chrome_WidgetWin_1'
[20:51:18.085] process_check: pid=30460, path='c:\users\kobalt\appdata\local\programs\antigravity ide\antigravity ide.exe', is_exp=false
[20:51:18.085] is_explorer_or_desktop_active = false
[20:51:18.164] Space key UP event intercepted!
[20:51:20.597] Space key DOWN event intercepted!
[20:51:20.597] Peekit window state: visible=false, is_focused=false, fg_hwnd=HWND(0x1b2734)
[20:51:20.597] is_explorer_check: hwnd=HWND(0x1b2734), class='Chrome_WidgetWin_1'
[20:51:20.597] process_check: pid=30460, path='c:\users\kobalt\appdata\local\programs\antigravity ide\antigravity ide.exe', is_exp=false
[20:51:20.597] is_explorer_or_desktop_active = false
[20:51:20.708] Space key UP event intercepted!
[20:51:21.053] Space key DOWN event intercepted!
[20:51:21.053] Peekit window state: visible=false, is_focused=false, fg_hwnd=HWND(0x1b2734)
[20:51:21.053] is_explorer_check: hwnd=HWND(0x1b2734), class='Chrome_WidgetWin_1'
[20:51:21.053] process_check: pid=30460, path='c:\users\kobalt\appdata\local\programs\antigravity ide\antigravity ide.exe', is_exp=false
[20:51:21.053] is_explorer_or_desktop_active = false
[20:51:21.165] Space key UP event intercepted!
[20:51:21.581] Space key DOWN event intercepted!
[20:51:21.581] Peekit window state: visible=false, is_focused=false, fg_hwnd=HWND(0x1b2734)
[20:51:21.581] is_explorer_check: hwnd=HWND(0x1b2734), class='Chrome_WidgetWin_1'
[20:51:21.581] process_check: pid=30460, path='c:\users\kobalt\appdata\local\programs\antigravity ide\antigravity ide.exe', is_exp=false
[20:51:21.581] is_explorer_or_desktop_active = false
[20:51:21.693] Space key UP event intercepted!
[20:51:24.101] Space key DOWN event intercepted!
[20:51:24.101] Peekit window state: visible=false, is_focused=false, fg_hwnd=HWND(0x1b2734)
[20:51:24.101] is_explorer_check: hwnd=HWND(0x1b2734), class='Chrome_WidgetWin_1'
[20:51:24.101] process_check: pid=30460, path='c:\users\kobalt\appdata\local\programs\antigravity ide\antigravity ide.exe', is_exp=false
[20:51:24.101] is_explorer_or_desktop_active = false
[20:51:24.205] Space key UP event intercepted!
[20:51:32.726] Space key DOWN event intercepted!
[20:51:32.726] Peekit window state: visible=false, is_focused=false, fg_hwnd=HWND(0x1b2734)
[20:51:32.726] is_explorer_check: hwnd=HWND(0x1b2734), class='Chrome_WidgetWin_1'
[20:51:32.726] process_check: pid=30460, path='c:\users\kobalt\appdata\local\programs\antigravity ide\antigravity ide.exe', is_exp=false
[20:51:32.726] is_explorer_or_desktop_active = false
[20:51:32.822] Space key UP event intercepted!
[20:51:35.662] Space key DOWN event intercepted!
[20:51:35.662] Peekit window state: visible=false, is_focused=false, fg_hwnd=HWND(0x1b2734)
[20:51:35.662] is_explorer_check: hwnd=HWND(0x1b2734), class='Chrome_WidgetWin_1'
[20:51:35.662] process_check: pid=30460, path='c:\users\kobalt\appdata\local\programs\antigravity ide\antigravity ide.exe', is_exp=false
[20:51:35.662] is_explorer_or_desktop_active = false
[20:51:35.774] Space key UP event intercepted!
[20:51:39.167] Space key DOWN event intercepted!
[20:51:39.167] Peekit window state: visible=false, is_focused=false, fg_hwnd=HWND(0x1b2734)
[20:51:39.167] is_explorer_check: hwnd=HWND(0x1b2734), class='Chrome_WidgetWin_1'
[20:51:39.167] process_check: pid=30460, path='c:\users\kobalt\appdata\local\programs\antigravity ide\antigravity ide.exe', is_exp=false
[20:51:39.167] is_explorer_or_desktop_active = false
[20:51:39.263] Space key UP event intercepted!
[20:51:40.015] Space key DOWN event intercepted!
[20:51:40.015] Peekit window state: visible=false, is_focused=false, fg_hwnd=HWND(0x1b2734)
[20:51:40.015] is_explorer_check: hwnd=HWND(0x1b2734), class='Chrome_WidgetWin_1'
[20:51:40.015] process_check: pid=30460, path='c:\users\kobalt\appdata\local\programs\antigravity ide\antigravity ide.exe', is_exp=false
[20:51:40.015] is_explorer_or_desktop_active = false
[20:51:40.127] Space key UP event intercepted!
[20:51:41.255] Space key DOWN event intercepted!
[20:51:41.255] Peekit window state: visible=false, is_focused=false, fg_hwnd=HWND(0x1b2734)
[20:51:41.255] is_explorer_check: hwnd=HWND(0x1b2734), class='Chrome_WidgetWin_1'
[20:51:41.255] process_check: pid=30460, path='c:\users\kobalt\appdata\local\programs\antigravity ide\antigravity ide.exe', is_exp=false
[20:51:41.255] is_explorer_or_desktop_active = false
[20:51:41.367] Space key UP event intercepted!
[20:51:43.655] Space key DOWN event intercepted!
[20:51:43.655] Peekit window state: visible=false, is_focused=false, fg_hwnd=HWND(0x1b2734)
[20:51:43.655] is_explorer_check: hwnd=HWND(0x1b2734), class='Chrome_WidgetWin_1'
[20:51:43.655] process_check: pid=30460, path='c:\users\kobalt\appdata\local\programs\antigravity ide\antigravity ide.exe', is_exp=false
[20:51:43.655] is_explorer_or_desktop_active = false
[20:51:43.751] Space key UP event intercepted!
[20:51:44.095] Space key DOWN event intercepted!
[20:51:44.095] Peekit window state: visible=false, is_focused=false, fg_hwnd=HWND(0x1b2734)
[20:51:44.095] is_explorer_check: hwnd=HWND(0x1b2734), class='Chrome_WidgetWin_1'
[20:51:44.095] process_check: pid=30460, path='c:\users\kobalt\appdata\local\programs\antigravity ide\antigravity ide.exe', is_exp=false
[20:51:44.095] is_explorer_or_desktop_active = false
[20:51:44.191] Space key UP event intercepted!
[20:51:44.415] Space key DOWN event intercepted!
[20:51:44.416] Peekit window state: visible=false, is_focused=false, fg_hwnd=HWND(0x1b2734)
[20:51:44.416] is_explorer_check: hwnd=HWND(0x1b2734), class='Chrome_WidgetWin_1'
[20:51:44.416] process_check: pid=30460, path='c:\users\kobalt\appdata\local\programs\antigravity ide\antigravity ide.exe', is_exp=false
[20:51:44.416] is_explorer_or_desktop_active = false
[20:51:44.535] Space key UP event intercepted!
[20:51:45.431] Space key DOWN event intercepted!
[20:51:45.431] Peekit window state: visible=false, is_focused=false, fg_hwnd=HWND(0x1b2734)
[20:51:45.431] is_explorer_check: hwnd=HWND(0x1b2734), class='Chrome_WidgetWin_1'
[20:51:45.432] process_check: pid=30460, path='c:\users\kobalt\appdata\local\programs\antigravity ide\antigravity ide.exe', is_exp=false
[20:51:45.432] is_explorer_or_desktop_active = false
[20:51:45.543] Space key UP event intercepted!
[20:52:30.404] Space key DOWN event intercepted!
[20:52:30.404] Peekit window state: visible=false, is_focused=false, fg_hwnd=HWND(0x1b2734)
[20:52:30.405] is_explorer_check: hwnd=HWND(0x1b2734), class='Chrome_WidgetWin_1'
[20:52:30.405] process_check: pid=30460, path='c:\users\kobalt\appdata\local\programs\antigravity ide\antigravity ide.exe', is_exp=false
[20:52:30.405] is_explorer_or_desktop_active = false
[20:52:30.540] Space key UP event intercepted!
[20:52:32.693] Space key DOWN event intercepted!
[20:52:32.693] Peekit window state: visible=false, is_focused=false, fg_hwnd=HWND(0x1b2734)
[20:52:32.693] is_explorer_check: hwnd=HWND(0x1b2734), class='Chrome_WidgetWin_1'
[20:52:32.693] process_check: pid=30460, path='c:\users\kobalt\appdata\local\programs\antigravity ide\antigravity ide.exe', is_exp=false
[20:52:32.694] is_explorer_or_desktop_active = false
[20:52:32.805] Space key UP event intercepted!
[20:52:33.829] Space key DOWN event intercepted!
[20:52:33.829] Peekit window state: visible=false, is_focused=false, fg_hwnd=HWND(0x1b2734)
[20:52:33.829] is_explorer_check: hwnd=HWND(0x1b2734), class='Chrome_WidgetWin_1'
[20:52:33.830] process_check: pid=30460, path='c:\users\kobalt\appdata\local\programs\antigravity ide\antigravity ide.exe', is_exp=false
[20:52:33.830] is_explorer_or_desktop_active = false
[20:52:33.941] Space key UP event intercepted!
[20:52:34.677] Space key DOWN event intercepted!
[20:52:34.677] Peekit window state: visible=false, is_focused=false, fg_hwnd=HWND(0x1b2734)
[20:52:34.677] is_explorer_check: hwnd=HWND(0x1b2734), class='Chrome_WidgetWin_1'
[20:52:34.677] process_check: pid=30460, path='c:\users\kobalt\appdata\local\programs\antigravity ide\antigravity ide.exe', is_exp=false
[20:52:34.677] is_explorer_or_desktop_active = false
[20:52:34.789] Space key UP event intercepted!
[20:52:39.781] Space key DOWN event intercepted!
[20:52:39.781] Peekit window state: visible=false, is_focused=false, fg_hwnd=HWND(0x1b2734)
[20:52:39.781] is_explorer_check: hwnd=HWND(0x1b2734), class='Chrome_WidgetWin_1'
[20:52:39.782] process_check: pid=30460, path='c:\users\kobalt\appdata\local\programs\antigravity ide\antigravity ide.exe', is_exp=false
[20:52:39.782] is_explorer_or_desktop_active = false
[20:52:39.893] Space key UP event intercepted!
[20:52:41.949] Space key DOWN event intercepted!
[20:52:41.950] Peekit window state: visible=false, is_focused=false, fg_hwnd=HWND(0x1b2734)
[20:52:41.950] is_explorer_check: hwnd=HWND(0x1b2734), class='Chrome_WidgetWin_1'
[20:52:41.950] process_check: pid=30460, path='c:\users\kobalt\appdata\local\programs\antigravity ide\antigravity ide.exe', is_exp=false
[20:52:41.950] is_explorer_or_desktop_active = false
[20:52:42.046] Space key UP event intercepted!
[20:52:43.342] Space key DOWN event intercepted!
[20:52:43.342] Peekit window state: visible=false, is_focused=false, fg_hwnd=HWND(0x1b2734)
[20:52:43.342] is_explorer_check: hwnd=HWND(0x1b2734), class='Chrome_WidgetWin_1'
[20:52:43.342] process_check: pid=30460, path='c:\users\kobalt\appdata\local\programs\antigravity ide\antigravity ide.exe', is_exp=false
[20:52:43.342] is_explorer_or_desktop_active = false
[20:52:43.454] Space key UP event intercepted!
[20:52:43.614] Space key DOWN event intercepted!
[20:52:43.614] Peekit window state: visible=false, is_focused=false, fg_hwnd=HWND(0x1b2734)
[20:52:43.614] is_explorer_check: hwnd=HWND(0x1b2734), class='Chrome_WidgetWin_1'
[20:52:43.614] process_check: pid=30460, path='c:\users\kobalt\appdata\local\programs\antigravity ide\antigravity ide.exe', is_exp=false
[20:52:43.614] is_explorer_or_desktop_active = false
[20:52:43.710] Space key UP event intercepted!
[20:52:44.870] Space key DOWN event intercepted!
[20:52:44.870] Peekit window state: visible=false, is_focused=false, fg_hwnd=HWND(0x1b2734)
[20:52:44.871] is_explorer_check: hwnd=HWND(0x1b2734), class='Chrome_WidgetWin_1'
[20:52:44.871] process_check: pid=30460, path='c:\users\kobalt\appdata\local\programs\antigravity ide\antigravity ide.exe', is_exp=false
[20:52:44.871] is_explorer_or_desktop_active = false
[20:52:44.998] Space key UP event intercepted!
[20:52:45.782] Space key DOWN event intercepted!
[20:52:45.782] Peekit window state: visible=false, is_focused=false, fg_hwnd=HWND(0x1b2734)
[20:52:45.782] is_explorer_check: hwnd=HWND(0x1b2734), class='Chrome_WidgetWin_1'
[20:52:45.782] process_check: pid=30460, path='c:\users\kobalt\appdata\local\programs\antigravity ide\antigravity ide.exe', is_exp=false
[20:52:45.782] is_explorer_or_desktop_active = false
[20:52:45.878] Space key UP event intercepted!
[20:52:46.423] Space key DOWN event intercepted!
[20:52:46.423] Peekit window state: visible=false, is_focused=false, fg_hwnd=HWND(0x1b2734)
[20:52:46.423] is_explorer_check: hwnd=HWND(0x1b2734), class='Chrome_WidgetWin_1'
[20:52:46.423] process_check: pid=30460, path='c:\users\kobalt\appdata\local\programs\antigravity ide\antigravity ide.exe', is_exp=false
[20:52:46.423] is_explorer_or_desktop_active = false
[20:52:46.502] Space key UP event intercepted!
[20:52:46.694] Space key DOWN event intercepted!
[20:52:46.694] Peekit window state: visible=false, is_focused=false, fg_hwnd=HWND(0x1b2734)
[20:52:46.694] is_explorer_check: hwnd=HWND(0x1b2734), class='Chrome_WidgetWin_1'
[20:52:46.694] process_check: pid=30460, path='c:\users\kobalt\appdata\local\programs\antigravity ide\antigravity ide.exe', is_exp=false
[20:52:46.695] is_explorer_or_desktop_active = false
[20:52:46.774] Space key UP event intercepted!
[20:54:13.575] Space key DOWN event intercepted!
[20:54:13.576] Peekit window state: visible=false, is_focused=false, fg_hwnd=HWND(0x1b2734)
[20:54:13.576] is_explorer_check: hwnd=HWND(0x1b2734), class='Chrome_WidgetWin_1'
[20:54:13.576] process_check: pid=30460, path='c:\users\kobalt\appdata\local\programs\antigravity ide\antigravity ide.exe', is_exp=false
[20:54:13.576] is_explorer_or_desktop_active = false
[20:54:13.672] Space key UP event intercepted!
[20:54:13.872] Space key DOWN event intercepted!
[20:54:13.872] Peekit window state: visible=false, is_focused=false, fg_hwnd=HWND(0x1b2734)
[20:54:13.872] is_explorer_check: hwnd=HWND(0x1b2734), class='Chrome_WidgetWin_1'
[20:54:13.872] process_check: pid=30460, path='c:\users\kobalt\appdata\local\programs\antigravity ide\antigravity ide.exe', is_exp=false
[20:54:13.872] is_explorer_or_desktop_active = false
[20:54:13.984] Space key UP event intercepted!
[20:54:14.568] Space key DOWN event intercepted!
[20:54:14.568] Peekit window state: visible=false, is_focused=false, fg_hwnd=HWND(0x1b2734)
[20:54:14.568] is_explorer_check: hwnd=HWND(0x1b2734), class='Chrome_WidgetWin_1'
[20:54:14.568] process_check: pid=30460, path='c:\users\kobalt\appdata\local\programs\antigravity ide\antigravity ide.exe', is_exp=false
[20:54:14.568] is_explorer_or_desktop_active = false
[20:54:14.664] Space key UP event intercepted!
[20:54:15.568] Space key DOWN event intercepted!
[20:54:15.568] Peekit window state: visible=false, is_focused=false, fg_hwnd=HWND(0x1b2734)
[20:54:15.568] is_explorer_check: hwnd=HWND(0x1b2734), class='Chrome_WidgetWin_1'
[20:54:15.568] process_check: pid=30460, path='c:\users\kobalt\appdata\local\programs\antigravity ide\antigravity ide.exe', is_exp=false
[20:54:15.568] is_explorer_or_desktop_active = false
[20:54:15.648] Space key UP event intercepted!
[20:54:19.104] Space key DOWN event intercepted!
[20:54:19.104] Peekit window state: visible=false, is_focused=false, fg_hwnd=HWND(0x1b2734)
[20:54:19.105] is_explorer_check: hwnd=HWND(0x1b2734), class='Chrome_WidgetWin_1'
[20:54:19.105] process_check: pid=30460, path='c:\users\kobalt\appdata\local\programs\antigravity ide\antigravity ide.exe', is_exp=false
[20:54:19.105] is_explorer_or_desktop_active = false
[20:54:19.232] Space key UP event intercepted!
[20:54:20.344] Space key DOWN event intercepted!
[20:54:20.344] Peekit window state: visible=false, is_focused=false, fg_hwnd=HWND(0x1b2734)
[20:54:20.344] is_explorer_check: hwnd=HWND(0x1b2734), class='Chrome_WidgetWin_1'
[20:54:20.345] process_check: pid=30460, path='c:\users\kobalt\appdata\local\programs\antigravity ide\antigravity ide.exe', is_exp=false
[20:54:20.345] is_explorer_or_desktop_active = false
[20:54:20.424] Space key UP event intercepted!
[20:54:21.569] Space key DOWN event intercepted!
[20:54:21.569] Peekit window state: visible=false, is_focused=false, fg_hwnd=HWND(0x1b2734)
[20:54:21.569] is_explorer_check: hwnd=HWND(0x1b2734), class='Chrome_WidgetWin_1'
[20:54:21.569] process_check: pid=30460, path='c:\users\kobalt\appdata\local\programs\antigravity ide\antigravity ide.exe', is_exp=false
[20:54:21.569] is_explorer_or_desktop_active = false
[20:54:21.680] Space key UP event intercepted!
[20:54:22.816] Space key DOWN event intercepted!
[20:54:22.817] Peekit window state: visible=false, is_focused=false, fg_hwnd=HWND(0x1b2734)
[20:54:22.817] is_explorer_check: hwnd=HWND(0x1b2734), class='Chrome_WidgetWin_1'
[20:54:22.817] process_check: pid=30460, path='c:\users\kobalt\appdata\local\programs\antigravity ide\antigravity ide.exe', is_exp=false
[20:54:22.817] is_explorer_or_desktop_active = false
[20:54:22.913] Space key UP event intercepted!
[20:54:24.041] Space key DOWN event intercepted!
[20:54:24.041] Peekit window state: visible=false, is_focused=false, fg_hwnd=HWND(0x1b2734)
[20:54:24.041] is_explorer_check: hwnd=HWND(0x1b2734), class='Chrome_WidgetWin_1'
[20:54:24.041] process_check: pid=30460, path='c:\users\kobalt\appdata\local\programs\antigravity ide\antigravity ide.exe', is_exp=false
[20:54:24.041] is_explorer_or_desktop_active = false
[20:54:24.169] Space key UP event intercepted!
[20:54:24.681] Space key DOWN event intercepted!
[20:54:24.681] Peekit window state: visible=false, is_focused=false, fg_hwnd=HWND(0x1b2734)
[20:54:24.681] is_explorer_check: hwnd=HWND(0x1b2734), class='Chrome_WidgetWin_1'
[20:54:24.681] process_check: pid=30460, path='c:\users\kobalt\appdata\local\programs\antigravity ide\antigravity ide.exe', is_exp=false
[20:54:24.681] is_explorer_or_desktop_active = false
[20:54:24.793] Space key UP event intercepted!
[20:54:27.257] Space key DOWN event intercepted!
[20:54:27.257] Peekit window state: visible=false, is_focused=false, fg_hwnd=HWND(0x1b2734)
[20:54:27.257] is_explorer_check: hwnd=HWND(0x1b2734), class='Chrome_WidgetWin_1'
[20:54:27.257] process_check: pid=30460, path='c:\users\kobalt\appdata\local\programs\antigravity ide\antigravity ide.exe', is_exp=false
[20:54:27.257] is_explorer_or_desktop_active = false
[20:54:27.385] Space key UP event intercepted!
[20:54:27.513] Space key DOWN event intercepted!
[20:54:27.513] Peekit window state: visible=false, is_focused=false, fg_hwnd=HWND(0x1b2734)
[20:54:27.513] is_explorer_check: hwnd=HWND(0x1b2734), class='Chrome_WidgetWin_1'
[20:54:27.513] process_check: pid=30460, path='c:\users\kobalt\appdata\local\programs\antigravity ide\antigravity ide.exe', is_exp=false
[20:54:27.513] is_explorer_or_desktop_active = false
[20:54:27.625] Space key UP event intercepted!
[20:54:29.929] Space key DOWN event intercepted!
[20:54:29.929] Peekit window state: visible=false, is_focused=false, fg_hwnd=HWND(0x1b2734)
[20:54:29.929] is_explorer_check: hwnd=HWND(0x1b2734), class='Chrome_WidgetWin_1'
[20:54:29.930] process_check: pid=30460, path='c:\users\kobalt\appdata\local\programs\antigravity ide\antigravity ide.exe', is_exp=false
[20:54:29.930] is_explorer_or_desktop_active = false
[20:54:30.057] Space key UP event intercepted!
[20:54:30.433] Space key DOWN event intercepted!
[20:54:30.434] Peekit window state: visible=false, is_focused=false, fg_hwnd=HWND(0x1b2734)
[20:54:30.434] is_explorer_check: hwnd=HWND(0x1b2734), class='Chrome_WidgetWin_1'
[20:54:30.434] process_check: pid=30460, path='c:\users\kobalt\appdata\local\programs\antigravity ide\antigravity ide.exe', is_exp=false
[20:54:30.434] is_explorer_or_desktop_active = false
[20:54:30.529] Space key UP event intercepted!
[20:54:33.218] Space key DOWN event intercepted!
[20:54:33.218] Peekit window state: visible=false, is_focused=false, fg_hwnd=HWND(0x1b2734)
[20:54:33.218] is_explorer_check: hwnd=HWND(0x1b2734), class='Chrome_WidgetWin_1'
[20:54:33.218] process_check: pid=30460, path='c:\users\kobalt\appdata\local\programs\antigravity ide\antigravity ide.exe', is_exp=false
[20:54:33.218] is_explorer_or_desktop_active = false
[20:54:33.354] Space key UP event intercepted!
[20:54:35.370] Space key DOWN event intercepted!
[20:54:35.371] Peekit window state: visible=false, is_focused=false, fg_hwnd=HWND(0x1b2734)
[20:54:35.371] is_explorer_check: hwnd=HWND(0x1b2734), class='Chrome_WidgetWin_1'
[20:54:35.371] process_check: pid=30460, path='c:\users\kobalt\appdata\local\programs\antigravity ide\antigravity ide.exe', is_exp=false
[20:54:35.371] is_explorer_or_desktop_active = false
[20:54:35.490] Space key UP event intercepted!
[20:54:35.714] Space key DOWN event intercepted!
[20:54:35.714] Peekit window state: visible=false, is_focused=false, fg_hwnd=HWND(0x1b2734)
[20:54:35.714] is_explorer_check: hwnd=HWND(0x1b2734), class='Chrome_WidgetWin_1'
[20:54:35.714] process_check: pid=30460, path='c:\users\kobalt\appdata\local\programs\antigravity ide\antigravity ide.exe', is_exp=false
[20:54:35.714] is_explorer_or_desktop_active = false
[20:54:35.810] Space key UP event intercepted!
[20:54:36.122] Space key DOWN event intercepted!
[20:54:36.122] Peekit window state: visible=false, is_focused=false, fg_hwnd=HWND(0x1b2734)
[20:54:36.122] is_explorer_check: hwnd=HWND(0x1b2734), class='Chrome_WidgetWin_1'
[20:54:36.122] process_check: pid=30460, path='c:\users\kobalt\appdata\local\programs\antigravity ide\antigravity ide.exe', is_exp=false
[20:54:36.122] is_explorer_or_desktop_active = false
[20:54:36.202] Space key UP event intercepted!
[20:54:37.098] Space key DOWN event intercepted!
[20:54:37.098] Peekit window state: visible=false, is_focused=false, fg_hwnd=HWND(0x1b2734)
[20:54:37.098] is_explorer_check: hwnd=HWND(0x1b2734), class='Chrome_WidgetWin_1'
[20:54:37.099] process_check: pid=30460, path='c:\users\kobalt\appdata\local\programs\antigravity ide\antigravity ide.exe', is_exp=false
[20:54:37.099] is_explorer_or_desktop_active = false
[20:54:37.234] Space key UP event intercepted!
[20:54:38.050] Space key DOWN event intercepted!
[20:54:38.051] Peekit window state: visible=false, is_focused=false, fg_hwnd=HWND(0x1b2734)
[20:54:38.051] is_explorer_check: hwnd=HWND(0x1b2734), class='Chrome_WidgetWin_1'
[20:54:38.051] process_check: pid=30460, path='c:\users\kobalt\appdata\local\programs\antigravity ide\antigravity ide.exe', is_exp=false
[20:54:38.051] is_explorer_or_desktop_active = false
[20:54:38.162] Space key UP event intercepted!
[20:54:39.794] Space key DOWN event intercepted!
[20:54:39.795] Peekit window state: visible=false, is_focused=false, fg_hwnd=HWND(0x1b2734)
[20:54:39.795] is_explorer_check: hwnd=HWND(0x1b2734), class='Chrome_WidgetWin_1'
[20:54:39.795] process_check: pid=30460, path='c:\users\kobalt\appdata\local\programs\antigravity ide\antigravity ide.exe', is_exp=false
[20:54:39.795] is_explorer_or_desktop_active = false
[20:54:39.874] Space key UP event intercepted!
[20:54:40.234] Space key DOWN event intercepted!
[20:54:40.235] Peekit window state: visible=false, is_focused=false, fg_hwnd=HWND(0x1b2734)
[20:54:40.235] is_explorer_check: hwnd=HWND(0x1b2734), class='Chrome_WidgetWin_1'
[20:54:40.235] process_check: pid=30460, path='c:\users\kobalt\appdata\local\programs\antigravity ide\antigravity ide.exe', is_exp=false
[20:54:40.235] is_explorer_or_desktop_active = false
[20:54:40.314] Space key UP event intercepted!
[20:54:40.898] Space key DOWN event intercepted!
[20:54:40.899] Peekit window state: visible=false, is_focused=false, fg_hwnd=HWND(0x1b2734)
[20:54:40.899] is_explorer_check: hwnd=HWND(0x1b2734), class='Chrome_WidgetWin_1'
[20:54:40.899] process_check: pid=30460, path='c:\users\kobalt\appdata\local\programs\antigravity ide\antigravity ide.exe', is_exp=false
[20:54:40.899] is_explorer_or_desktop_active = false
[20:54:41.011] Space key UP event intercepted!
[20:54:42.403] Space key DOWN event intercepted!
[20:54:42.403] Peekit window state: visible=false, is_focused=false, fg_hwnd=HWND(0x1b2734)
[20:54:42.403] is_explorer_check: hwnd=HWND(0x1b2734), class='Chrome_WidgetWin_1'
[20:54:42.403] process_check: pid=30460, path='c:\users\kobalt\appdata\local\programs\antigravity ide\antigravity ide.exe', is_exp=false
[20:54:42.403] is_explorer_or_desktop_active = false
[20:54:42.515] Space key UP event intercepted!
[20:54:43.147] Space key DOWN event intercepted!
[20:54:43.147] Peekit window state: visible=false, is_focused=false, fg_hwnd=HWND(0x1b2734)
[20:54:43.147] is_explorer_check: hwnd=HWND(0x1b2734), class='Chrome_WidgetWin_1'
[20:54:43.147] process_check: pid=30460, path='c:\users\kobalt\appdata\local\programs\antigravity ide\antigravity ide.exe', is_exp=false
[20:54:43.147] is_explorer_or_desktop_active = false
[20:54:43.267] Space key UP event intercepted!
[20:54:46.195] Space key DOWN event intercepted!
[20:54:46.195] Peekit window state: visible=false, is_focused=false, fg_hwnd=HWND(0x1b2734)
[20:54:46.196] is_explorer_check: hwnd=HWND(0x1b2734), class='Chrome_WidgetWin_1'
[20:54:46.196] process_check: pid=30460, path='c:\users\kobalt\appdata\local\programs\antigravity ide\antigravity ide.exe', is_exp=false
[20:54:46.196] is_explorer_or_desktop_active = false
[20:54:46.347] Space key UP event intercepted!
[20:54:46.739] Space key DOWN event intercepted!
[20:54:46.739] Peekit window state: visible=false, is_focused=false, fg_hwnd=HWND(0x1b2734)
[20:54:46.739] is_explorer_check: hwnd=HWND(0x1b2734), class='Chrome_WidgetWin_1'
[20:54:46.740] process_check: pid=30460, path='c:\users\kobalt\appdata\local\programs\antigravity ide\antigravity ide.exe', is_exp=false
[20:54:46.740] is_explorer_or_desktop_active = false
[20:54:46.899] Space key UP event intercepted!
[20:54:50.060] Space key DOWN event intercepted!
[20:54:50.060] Peekit window state: visible=false, is_focused=false, fg_hwnd=HWND(0x1b2734)
[20:54:50.060] is_explorer_check: hwnd=HWND(0x1b2734), class='Chrome_WidgetWin_1'
[20:54:50.060] process_check: pid=30460, path='c:\users\kobalt\appdata\local\programs\antigravity ide\antigravity ide.exe', is_exp=false
[20:54:50.060] is_explorer_or_desktop_active = false
[20:54:50.180] Space key UP event intercepted!
[20:55:01.365] Space key DOWN event intercepted!
[20:55:01.365] Peekit window state: visible=false, is_focused=false, fg_hwnd=HWND(0x1b2734)
[20:55:01.365] is_explorer_check: hwnd=HWND(0x1b2734), class='Chrome_WidgetWin_1'
[20:55:01.365] process_check: pid=30460, path='c:\users\kobalt\appdata\local\programs\antigravity ide\antigravity ide.exe', is_exp=false
[20:55:01.365] is_explorer_or_desktop_active = false
[20:55:01.493] Space key UP event intercepted!
[20:55:02.109] Space key DOWN event intercepted!
[20:55:02.109] Peekit window state: visible=false, is_focused=false, fg_hwnd=HWND(0x1b2734)
[20:55:02.109] is_explorer_check: hwnd=HWND(0x1b2734), class='Chrome_WidgetWin_1'
[20:55:02.109] process_check: pid=30460, path='c:\users\kobalt\appdata\local\programs\antigravity ide\antigravity ide.exe', is_exp=false
[20:55:02.109] is_explorer_or_desktop_active = false
[20:55:02.245] Space key UP event intercepted!
[20:55:04.037] Space key DOWN event intercepted!
[20:55:04.037] Peekit window state: visible=false, is_focused=false, fg_hwnd=HWND(0x1b2734)
[20:55:04.037] is_explorer_check: hwnd=HWND(0x1b2734), class='Chrome_WidgetWin_1'
[20:55:04.038] process_check: pid=30460, path='c:\users\kobalt\appdata\local\programs\antigravity ide\antigravity ide.exe', is_exp=false
[20:55:04.038] is_explorer_or_desktop_active = false
[20:55:04.117] Space key UP event intercepted!
[20:55:06.142] Space key DOWN event intercepted!
[20:55:06.142] Peekit window state: visible=false, is_focused=false, fg_hwnd=HWND(0x1b2734)
[20:55:06.142] is_explorer_check: hwnd=HWND(0x1b2734), class='Chrome_WidgetWin_1'
[20:55:06.142] process_check: pid=30460, path='c:\users\kobalt\appdata\local\programs\antigravity ide\antigravity ide.exe', is_exp=false
[20:55:06.142] is_explorer_or_desktop_active = false
[20:55:06.237] Space key UP event intercepted!
[20:55:06.893] Space key DOWN event intercepted!
[20:55:06.894] Peekit window state: visible=false, is_focused=false, fg_hwnd=HWND(0x1b2734)
[20:55:06.894] is_explorer_check: hwnd=HWND(0x1b2734), class='Chrome_WidgetWin_1'
[20:55:06.894] process_check: pid=30460, path='c:\users\kobalt\appdata\local\programs\antigravity ide\antigravity ide.exe', is_exp=false
[20:55:06.894] is_explorer_or_desktop_active = false
[20:55:07.005] Space key UP event intercepted!
[20:55:09.222] Space key DOWN event intercepted!
[20:55:09.222] Peekit window state: visible=false, is_focused=false, fg_hwnd=HWND(0x1b2734)
[20:55:09.222] is_explorer_check: hwnd=HWND(0x1b2734), class='Chrome_WidgetWin_1'
[20:55:09.222] process_check: pid=30460, path='c:\users\kobalt\appdata\local\programs\antigravity ide\antigravity ide.exe', is_exp=false
[20:55:09.222] is_explorer_or_desktop_active = false
[20:55:09.334] Space key UP event intercepted!
[20:55:10.886] Space key DOWN event intercepted!
[20:55:10.887] Peekit window state: visible=false, is_focused=false, fg_hwnd=HWND(0x1b2734)
[20:55:10.887] is_explorer_check: hwnd=HWND(0x1b2734), class='Chrome_WidgetWin_1'
[20:55:10.887] process_check: pid=30460, path='c:\users\kobalt\appdata\local\programs\antigravity ide\antigravity ide.exe', is_exp=false
[20:55:10.887] is_explorer_or_desktop_active = false
[20:55:10.998] Space key UP event intercepted!
[20:55:11.374] Space key DOWN event intercepted!
[20:55:11.374] Peekit window state: visible=false, is_focused=false, fg_hwnd=HWND(0x1b2734)
[20:55:11.374] is_explorer_check: hwnd=HWND(0x1b2734), class='Chrome_WidgetWin_1'
[20:55:11.374] process_check: pid=30460, path='c:\users\kobalt\appdata\local\programs\antigravity ide\antigravity ide.exe', is_exp=false
[20:55:11.375] is_explorer_or_desktop_active = false
[20:55:11.454] Space key UP event intercepted!
[20:55:11.702] Space key DOWN event intercepted!
[20:55:11.702] Peekit window state: visible=false, is_focused=false, fg_hwnd=HWND(0x1b2734)
[20:55:11.702] is_explorer_check: hwnd=HWND(0x1b2734), class='Chrome_WidgetWin_1'
[20:55:11.702] process_check: pid=30460, path='c:\users\kobalt\appdata\local\programs\antigravity ide\antigravity ide.exe', is_exp=false
[20:55:11.702] is_explorer_or_desktop_active = false
[20:55:11.782] Space key UP event intercepted!
[20:56:35.079] Space key DOWN event intercepted!
[20:56:35.079] Peekit window state: visible=false, is_focused=false, fg_hwnd=HWND(0x1b2734)
[20:56:35.079] is_explorer_check: hwnd=HWND(0x1b2734), class='Chrome_WidgetWin_1'
[20:56:35.080] process_check: pid=30460, path='c:\users\kobalt\appdata\local\programs\antigravity ide\antigravity ide.exe', is_exp=false
[20:56:35.080] is_explorer_or_desktop_active = false
[20:56:35.207] Space key UP event intercepted!
[20:56:36.024] Space key DOWN event intercepted!
[20:56:36.024] Peekit window state: visible=false, is_focused=false, fg_hwnd=HWND(0x1b2734)
[20:56:36.024] is_explorer_check: hwnd=HWND(0x1b2734), class='Chrome_WidgetWin_1'
[20:56:36.024] process_check: pid=30460, path='c:\users\kobalt\appdata\local\programs\antigravity ide\antigravity ide.exe', is_exp=false
[20:56:36.024] is_explorer_or_desktop_active = false
[20:56:36.151] Space key UP event intercepted!
[20:56:36.807] Space key DOWN event intercepted!
[20:56:36.807] Peekit window state: visible=false, is_focused=false, fg_hwnd=HWND(0x1b2734)
[20:56:36.808] is_explorer_check: hwnd=HWND(0x1b2734), class='Chrome_WidgetWin_1'
[20:56:36.808] process_check: pid=30460, path='c:\users\kobalt\appdata\local\programs\antigravity ide\antigravity ide.exe', is_exp=false
[20:56:36.808] is_explorer_or_desktop_active = false
[20:56:36.935] Space key UP event intercepted!
[20:56:37.311] Space key DOWN event intercepted!
[20:56:37.312] Peekit window state: visible=false, is_focused=false, fg_hwnd=HWND(0x1b2734)
[20:56:37.312] is_explorer_check: hwnd=HWND(0x1b2734), class='Chrome_WidgetWin_1'
[20:56:37.312] process_check: pid=30460, path='c:\users\kobalt\appdata\local\programs\antigravity ide\antigravity ide.exe', is_exp=false
[20:56:37.312] is_explorer_or_desktop_active = false
[20:56:37.407] Space key UP event intercepted!
[20:56:38.400] Space key DOWN event intercepted!
[20:56:38.400] Peekit window state: visible=false, is_focused=false, fg_hwnd=HWND(0x1b2734)
[20:56:38.400] is_explorer_check: hwnd=HWND(0x1b2734), class='Chrome_WidgetWin_1'
[20:56:38.400] process_check: pid=30460, path='c:\users\kobalt\appdata\local\programs\antigravity ide\antigravity ide.exe', is_exp=false
[20:56:38.400] is_explorer_or_desktop_active = false
[20:56:38.535] Space key UP event intercepted!
[20:56:42.296] Space key DOWN event intercepted!
[20:56:42.296] Peekit window state: visible=false, is_focused=false, fg_hwnd=HWND(0x1b2734)
[20:56:42.296] is_explorer_check: hwnd=HWND(0x1b2734), class='Chrome_WidgetWin_1'
[20:56:42.296] process_check: pid=30460, path='c:\users\kobalt\appdata\local\programs\antigravity ide\antigravity ide.exe', is_exp=false
[20:56:42.296] is_explorer_or_desktop_active = false
[20:56:42.416] Space key UP event intercepted!
[20:56:43.232] Space key DOWN event intercepted!
[20:56:43.232] Peekit window state: visible=false, is_focused=false, fg_hwnd=HWND(0x1b2734)
[20:56:43.232] is_explorer_check: hwnd=HWND(0x1b2734), class='Chrome_WidgetWin_1'
[20:56:43.232] process_check: pid=30460, path='c:\users\kobalt\appdata\local\programs\antigravity ide\antigravity ide.exe', is_exp=false
[20:56:43.232] is_explorer_or_desktop_active = false
[20:56:43.328] Space key UP event intercepted!
[20:56:43.928] Space key DOWN event intercepted!
[20:56:43.928] Peekit window state: visible=false, is_focused=false, fg_hwnd=HWND(0x1b2734)
[20:56:43.928] is_explorer_check: hwnd=HWND(0x1b2734), class='Chrome_WidgetWin_1'
[20:56:43.929] process_check: pid=30460, path='c:\users\kobalt\appdata\local\programs\antigravity ide\antigravity ide.exe', is_exp=false
[20:56:43.929] is_explorer_or_desktop_active = false
[20:56:44.024] Space key UP event intercepted!
[20:56:44.961] Space key DOWN event intercepted!
[20:56:44.961] Peekit window state: visible=false, is_focused=false, fg_hwnd=HWND(0x1b2734)
[20:56:44.961] is_explorer_check: hwnd=HWND(0x1b2734), class='Chrome_WidgetWin_1'
[20:56:44.961] process_check: pid=30460, path='c:\users\kobalt\appdata\local\programs\antigravity ide\antigravity ide.exe', is_exp=false
[20:56:44.961] is_explorer_or_desktop_active = false
[20:56:45.072] Space key UP event intercepted!
[20:59:41.460] Space key DOWN event intercepted!
[20:59:41.460] Peekit window state: visible=false, is_focused=false, fg_hwnd=HWND(0x1b2734)
[20:59:41.460] is_explorer_check: hwnd=HWND(0x1b2734), class='Chrome_WidgetWin_1'
[20:59:41.460] process_check: pid=30460, path='c:\users\kobalt\appdata\local\programs\antigravity ide\antigravity ide.exe', is_exp=false
[20:59:41.460] is_explorer_or_desktop_active = false
[20:59:41.612] Space key UP event intercepted!
[20:59:43.244] Space key DOWN event intercepted!
[20:59:43.244] Peekit window state: visible=false, is_focused=false, fg_hwnd=HWND(0x1b2734)
[20:59:43.244] is_explorer_check: hwnd=HWND(0x1b2734), class='Chrome_WidgetWin_1'
[20:59:43.244] process_check: pid=30460, path='c:\users\kobalt\appdata\local\programs\antigravity ide\antigravity ide.exe', is_exp=false
[20:59:43.244] is_explorer_or_desktop_active = false
[20:59:43.372] Space key UP event intercepted!
[20:59:44.532] Space key DOWN event intercepted!
[20:59:44.532] Peekit window state: visible=false, is_focused=false, fg_hwnd=HWND(0x1b2734)
[20:59:44.532] is_explorer_check: hwnd=HWND(0x1b2734), class='Chrome_WidgetWin_1'
[20:59:44.532] process_check: pid=30460, path='c:\users\kobalt\appdata\local\programs\antigravity ide\antigravity ide.exe', is_exp=false
[20:59:44.533] is_explorer_or_desktop_active = false
[20:59:44.660] Space key UP event intercepted!
[20:59:45.980] Space key DOWN event intercepted!
[20:59:45.980] Peekit window state: visible=false, is_focused=false, fg_hwnd=HWND(0x1b2734)
[20:59:45.980] is_explorer_check: hwnd=HWND(0x1b2734), class='Chrome_WidgetWin_1'
[20:59:45.980] process_check: pid=30460, path='c:\users\kobalt\appdata\local\programs\antigravity ide\antigravity ide.exe', is_exp=false
[20:59:45.981] is_explorer_or_desktop_active = false
[20:59:46.108] Space key UP event intercepted!
[20:59:46.452] Space key DOWN event intercepted!
[20:59:46.452] Peekit window state: visible=false, is_focused=false, fg_hwnd=HWND(0x1b2734)
[20:59:46.452] is_explorer_check: hwnd=HWND(0x1b2734), class='Chrome_WidgetWin_1'
[20:59:46.452] process_check: pid=30460, path='c:\users\kobalt\appdata\local\programs\antigravity ide\antigravity ide.exe', is_exp=false
[20:59:46.453] is_explorer_or_desktop_active = false
[20:59:46.596] Space key UP event intercepted!
[21:01:58.875] Space key DOWN event intercepted!
[21:01:58.875] Peekit window state: visible=false, is_focused=false, fg_hwnd=HWND(0x1b2734)
[21:01:58.875] is_explorer_check: hwnd=HWND(0x1b2734), class='Chrome_WidgetWin_1'
[21:01:58.875] process_check: pid=30460, path='c:\users\kobalt\appdata\local\programs\antigravity ide\antigravity ide.exe', is_exp=false
[21:01:58.875] is_explorer_or_desktop_active = false
[21:01:58.987] Space key UP event intercepted!
[21:02:04.676] Space key DOWN event intercepted!
[21:02:04.676] Peekit window state: visible=false, is_focused=false, fg_hwnd=HWND(0x1b2734)
[21:02:04.676] is_explorer_check: hwnd=HWND(0x1b2734), class='Chrome_WidgetWin_1'
[21:02:04.676] process_check: pid=30460, path='c:\users\kobalt\appdata\local\programs\antigravity ide\antigravity ide.exe', is_exp=false
[21:02:04.676] is_explorer_or_desktop_active = false
[21:02:04.788] Space key UP event intercepted!
[21:02:06.796] Space key DOWN event intercepted!
[21:02:06.796] Peekit window state: visible=false, is_focused=false, fg_hwnd=HWND(0x1b2734)
[21:02:06.796] is_explorer_check: hwnd=HWND(0x1b2734), class='Chrome_WidgetWin_1'
[21:02:06.796] process_check: pid=30460, path='c:\users\kobalt\appdata\local\programs\antigravity ide\antigravity ide.exe', is_exp=false
[21:02:06.796] is_explorer_or_desktop_active = false
[21:02:06.924] Space key UP event intercepted!
[21:02:07.860] Space key DOWN event intercepted!
[21:02:07.860] Peekit window state: visible=false, is_focused=false, fg_hwnd=HWND(0x1b2734)
[21:02:07.860] is_explorer_check: hwnd=HWND(0x1b2734), class='Chrome_WidgetWin_1'
[21:02:07.860] process_check: pid=30460, path='c:\users\kobalt\appdata\local\programs\antigravity ide\antigravity ide.exe', is_exp=false
[21:02:07.860] is_explorer_or_desktop_active = false
[21:02:07.972] Space key UP event intercepted!
[21:02:08.460] Space key DOWN event intercepted!
[21:02:08.460] Peekit window state: visible=false, is_focused=false, fg_hwnd=HWND(0x1b2734)
[21:02:08.460] is_explorer_check: hwnd=HWND(0x1b2734), class='Chrome_WidgetWin_1'
[21:02:08.460] process_check: pid=30460, path='c:\users\kobalt\appdata\local\programs\antigravity ide\antigravity ide.exe', is_exp=false
[21:02:08.461] is_explorer_or_desktop_active = false
[21:02:08.604] Space key UP event intercepted!
[21:02:15.245] Space key DOWN event intercepted!
[21:02:15.245] Peekit window state: visible=false, is_focused=false, fg_hwnd=HWND(0x1b2734)
[21:02:15.245] is_explorer_check: hwnd=HWND(0x1b2734), class='Chrome_WidgetWin_1'
[21:02:15.245] process_check: pid=30460, path='c:\users\kobalt\appdata\local\programs\antigravity ide\antigravity ide.exe', is_exp=false
[21:02:15.245] is_explorer_or_desktop_active = false
[21:02:15.324] Space key UP event intercepted!
[21:05:07.448] Space key DOWN event intercepted!
[21:05:07.448] Peekit window state: visible=false, is_focused=false, fg_hwnd=HWND(0x1b2734)
[21:05:07.448] is_explorer_check: hwnd=HWND(0x1b2734), class='Chrome_WidgetWin_1'
[21:05:07.448] process_check: pid=30460, path='c:\users\kobalt\appdata\local\programs\antigravity ide\antigravity ide.exe', is_exp=false
[21:05:07.448] is_explorer_or_desktop_active = false
[21:05:07.608] Space key UP event intercepted!
[21:05:14.393] Space key DOWN event intercepted!
[21:05:14.393] Peekit window state: visible=false, is_focused=false, fg_hwnd=HWND(0x1b2734)
[21:05:14.393] is_explorer_check: hwnd=HWND(0x1b2734), class='Chrome_WidgetWin_1'
[21:05:14.393] process_check: pid=30460, path='c:\users\kobalt\appdata\local\programs\antigravity ide\antigravity ide.exe', is_exp=false
[21:05:14.393] is_explorer_or_desktop_active = false
[21:05:14.537] Space key UP event intercepted!
[21:05:15.080] Space key DOWN event intercepted!
[21:05:15.080] Peekit window state: visible=false, is_focused=false, fg_hwnd=HWND(0x1b2734)
[21:05:15.080] is_explorer_check: hwnd=HWND(0x1b2734), class='Chrome_WidgetWin_1'
[21:05:15.081] process_check: pid=30460, path='c:\users\kobalt\appdata\local\programs\antigravity ide\antigravity ide.exe', is_exp=false
[21:05:15.081] is_explorer_or_desktop_active = false
[21:05:15.240] Space key UP event intercepted!
[21:05:20.657] Space key DOWN event intercepted!
[21:05:20.657] Peekit window state: visible=false, is_focused=false, fg_hwnd=HWND(0x1b2734)
[21:05:20.657] is_explorer_check: hwnd=HWND(0x1b2734), class='Chrome_WidgetWin_1'
[21:05:20.657] process_check: pid=30460, path='c:\users\kobalt\appdata\local\programs\antigravity ide\antigravity ide.exe', is_exp=false
[21:05:20.658] is_explorer_or_desktop_active = false
[21:05:20.817] Space key UP event intercepted!
[21:05:22.937] Space key DOWN event intercepted!
[21:05:22.937] Peekit window state: visible=false, is_focused=false, fg_hwnd=HWND(0x1b2734)
[21:05:22.937] is_explorer_check: hwnd=HWND(0x1b2734), class='Chrome_WidgetWin_1'
[21:05:22.938] process_check: pid=30460, path='c:\users\kobalt\appdata\local\programs\antigravity ide\antigravity ide.exe', is_exp=false
[21:05:22.938] is_explorer_or_desktop_active = false
[21:05:23.065] Space key UP event intercepted!
[21:05:23.409] Space key DOWN event intercepted!
[21:05:23.409] Peekit window state: visible=false, is_focused=false, fg_hwnd=HWND(0x1b2734)
[21:05:23.409] is_explorer_check: hwnd=HWND(0x1b2734), class='Chrome_WidgetWin_1'
[21:05:23.410] process_check: pid=30460, path='c:\users\kobalt\appdata\local\programs\antigravity ide\antigravity ide.exe', is_exp=false
[21:05:23.410] is_explorer_or_desktop_active = false
[21:05:23.537] Space key UP event intercepted!
[21:05:24.522] Space key DOWN event intercepted!
[21:05:24.522] Peekit window state: visible=false, is_focused=false, fg_hwnd=HWND(0x1b2734)
[21:05:24.522] is_explorer_check: hwnd=HWND(0x1b2734), class='Chrome_WidgetWin_1'
[21:05:24.522] process_check: pid=30460, path='c:\users\kobalt\appdata\local\programs\antigravity ide\antigravity ide.exe', is_exp=false
[21:05:24.522] is_explorer_or_desktop_active = false
[21:05:24.665] Space key UP event intercepted!
[21:05:28.642] Space key DOWN event intercepted!
[21:05:28.642] Peekit window state: visible=false, is_focused=false, fg_hwnd=HWND(0x1b2734)
[21:05:28.642] is_explorer_check: hwnd=HWND(0x1b2734), class='Chrome_WidgetWin_1'
[21:05:28.642] process_check: pid=30460, path='c:\users\kobalt\appdata\local\programs\antigravity ide\antigravity ide.exe', is_exp=false
[21:05:28.642] is_explorer_or_desktop_active = false
[21:05:28.770] Space key UP event intercepted!
